Survived,Pclass,Age,SibSp,Parch,Fare,FamilySize,IsAlone,LogFare,Sex_male,Embarked_Q,Embarked_S,Title_Miss,Title_Mr,Title_Mrs,Title_Rare,AgeGroup_Teen,AgeGroup_YoungAdult,AgeGroup_Adult,AgeGroup_Senior
0,3,22.0,1,0,7.25,2,0,2.1102132003465894,1,0,1,0,1,0,0,0,1,0,0
1,1,38.0,1,0,71.2833,2,0,4.2805931204649,0,0,0,0,0,1,0,0,0,1,0
1,3,26.0,0,0,7.925,1,1,2.188856327665703,0,0,1,1,0,0,0,0,1,0,0
1,1,35.0,1,0,53.1,2,0,3.9908341858524357,0,0,1,0,0,1,0,0,1,0,0
0,3,35.0,0,0,8.05,1,1,2.2027647577118348,1,0,1,0,1,0,0,0,1,0,0
0,3,28.0,0,0,8.4583,1,1,2.246892662898172,1,1,0,0,1,0,0,0,1,0,0
0,1,54.0,0,0,51.8625,1,1,3.967694202798607,1,0,1,0,1,0,0,0,0,1,0
0,3,2.0,3,1,21.075,5,0,3.0944457464900235,1,0,1,0,0,0,0,0,0,0,0
1,3,27.0,0,2,11.1333,3,0,2.495953738718064,0,0,1,0,0,1,0,0,1,0,0
1,2,14.0,1,0,30.0708,2,0,3.436268471383741,0,0,0,0,0,1,0,1,0,0,0
1,3,4.0,1,1,16.7,3,0,2.8735646395797834,0,0,1,1,0,0,0,0,0,0,0
1,1,58.0,0,0,26.55,1,1,3.3160025355989236,0,0,1,1,0,0,0,0,0,1,0
0,3,20.0,0,0,8.05,1,1,2.2027647577118348,1,0,1,0,1,0,0,0,1,0,0
0,3,39.0,1,5,31.275,7,0,3.4742929367327062,1,0,1,0,1,0,0,0,0,1,0
0,3,14.0,0,0,7.8542,1,1,2.180891922715322,0,0,1,1,0,0,0,1,0,0,0
1,2,55.0,0,0,16.0,1,1,2.833213344056216,0,0,1,0,0,1,0,0,0,1,0
0,3,2.0,4,1,29.125,6,0,3.405355391810819,1,1,0,0,0,0,0,0,0,0,0
1,2,28.0,0,0,13.0,1,1,2.6390573296152584,1,0,1,0,1,0,0,0,1,0,0
0,3,31.0,1,0,18.0,2,0,2.9444389791664403,0,0,1,0,0,1,0,0,1,0,0
1,3,28.0,0,0,7.225,1,1,2.1071782966514356,0,0,0,0,0,1,0,0,1,0,0
0,2,35.0,0,0,26.0,1,1,3.295836866004329,1,0,1,0,1,0,0,0,1,0,0
1,2,34.0,0,0,13.0,1,1,2.6390573296152584,1,0,1,0,1,0,0,0,1,0,0
1,3,15.0,0,0,8.0292,1,1,2.2004637699272855,0,1,0,1,0,0,0,1,0,0,0
1,1,28.0,0,0,35.5,1,1,3.597312260588446,1,0,1,0,1,0,0,0,1,0,0
0,3,8.0,3,1,21.075,5,0,3.0944457464900235,0,0,1,1,0,0,0,0,0,0,0
1,3,38.0,1,5,31.3875,7,0,3.4777725458882283,0,0,1,0,0,1,0,0,0,1,0
0,3,28.0,0,0,7.225,1,1,2.1071782966514356,1,0,0,0,1,0,0,0,1,0,0
0,1,19.0,3,2,263.0,6,0,5.575949103146316,1,0,1,0,1,0,0,0,1,0,0
1,3,28.0,0,0,7.8792,1,1,2.1837114628556327,0,1,0,1,0,0,0,0,1,0,0
0,3,28.0,0,0,7.8958,1,1,2.1855792552411137,1,0,1,0,1,0,0,0,1,0,0
0,1,40.0,0,0,27.7208,1,1,3.357621598945279,1,0,0,0,0,0,1,0,0,1,0
1,1,28.0,1,0,146.5208,2,0,4.993969182787072,0,0,0,0,0,1,0,0,1,0,0
1,3,28.0,0,0,7.75,1,1,2.169053700369523,0,1,0,1,0,0,0,0,1,0,0
0,2,66.0,0,0,10.5,1,1,2.4423470353692043,1,0,1,0,1,0,0,0,0,0,1
0,1,28.0,1,0,82.1708,2,0,4.420896324687287,1,0,0,0,1,0,0,0,1,0,0
0,1,42.0,1,0,52.0,2,0,3.970291913552122,1,0,1,0,1,0,0,0,0,1,0
1,3,28.0,0,0,7.2292,1,1,2.1076888046179385,1,0,0,0,1,0,0,0,1,0,0
0,3,21.0,0,0,8.05,1,1,2.2027647577118348,1,0,1,0,1,0,0,0,1,0,0
0,3,18.0,2,0,18.0,3,0,2.9444389791664403,0,0,1,1,0,0,0,1,0,0,0
1,3,14.0,1,0,11.2417,2,0,2.5048481563289,0,0,0,1,0,0,0,1,0,0,0
0,3,40.0,1,0,9.475,2,0,2.348991465808201,0,0,1,0,0,1,0,0,0,1,0
0,2,27.0,1,0,21.0,2,0,3.091042453358316,0,0,1,0,0,1,0,0,1,0,0
0,3,28.0,0,0,7.8958,1,1,2.1855792552411137,1,0,0,0,1,0,0,0,1,0,0
1,2,3.0,1,2,41.5792,4,0,3.7513658711253766,0,0,0,1,0,0,0,0,0,0,0
1,3,19.0,0,0,7.8792,1,1,2.1837114628556327,0,1,0,1,0,0,0,0,1,0,0
0,3,28.0,0,0,8.05,1,1,2.2027647577118348,1,0,1,0,1,0,0,0,1,0,0
0,3,28.0,1,0,15.5,2,0,2.803360380906535,1,1,0,0,1,0,0,0,1,0,0
1,3,28.0,0,0,7.75,1,1,2.169053700369523,0,1,0,1,0,0,0,0,1,0,0
0,3,28.0,2,0,21.6792,3,0,3.1214482048688246,1,0,0,0,1,0,0,0,1,0,0
0,3,18.0,1,0,17.8,2,0,2.9338568698359038,0,0,1,0,0,1,0,1,0,0,0
0,3,7.0,4,1,39.6875,6,0,3.705920919968788,1,0,1,0,0,0,0,0,0,0,0
0,3,21.0,0,0,7.8,1,1,2.174751721484161,1,0,1,0,1,0,0,0,1,0,0
1,1,49.0,1,0,76.7292,2,0,4.353230991152628,0,0,0,0,0,1,0,0,0,1,0
1,2,29.0,1,0,26.0,2,0,3.295836866004329,0,0,1,0,0,1,0,0,1,0,0
0,1,65.0,0,1,61.9792,2,0,4.142804513146981,1,0,0,0,1,0,0,0,0,0,1
1,1,28.0,0,0,35.5,1,1,3.597312260588446,1,0,1,0,1,0,0,0,1,0,0
1,2,21.0,0,0,10.5,1,1,2.4423470353692043,0,0,1,1,0,0,0,0,1,0,0
0,3,28.5,0,0,7.2292,1,1,2.1076888046179385,1,0,0,0,1,0,0,0,1,0,0
1,2,5.0,1,2,27.75,4,0,3.3586377672433594,0,0,1,1,0,0,0,0,0,0,0
0,3,11.0,5,2,46.9,8,0,3.8691155044168695,1,0,1,0,0,0,0,0,0,0,0
0,3,22.0,0,0,7.2292,1,1,2.1076888046179385,1,0,0,0,1,0,0,0,1,0,0
1,1,38.0,0,0,80.0,1,1,4.394449154672439,0,0,1,1,0,0,0,0,0,1,0
0,1,45.0,1,0,83.475,2,0,4.436455632600354,1,0,1,0,1,0,0,0,0,1,0
0,3,4.0,3,2,27.9,6,0,3.3638415951183864,1,0,1,0,0,0,0,0,0,0,0
0,1,28.0,0,0,27.7208,1,1,3.357621598945279,1,0,0,0,1,0,0,0,1,0,0
1,3,28.0,1,1,15.2458,3,0,2.7878344138303452,1,0,0,0,0,0,0,0,1,0,0
1,2,29.0,0,0,10.5,1,1,2.4423470353692043,0,0,1,0,0,1,0,0,1,0,0
0,3,19.0,0,0,8.1583,1,1,2.2146605719425225,1,0,1,0,1,0,0,0,1,0,0
1,3,17.0,4,2,7.925,7,0,2.188856327665703,0,0,1,1,0,0,0,1,0,0,0
0,3,26.0,2,0,8.6625,3,0,2.2682524139135403,1,0,1,0,1,0,0,0,1,0,0
0,2,32.0,0,0,10.5,1,1,2.4423470353692043,1,0,1,0,1,0,0,0,1,0,0
0,3,16.0,5,2,46.9,8,0,3.8691155044168695,0,0,1,1,0,0,0,1,0,0,0
0,2,21.0,0,0,73.5,1,1,4.310799125385514,1,0,1,0,1,0,0,0,1,0,0
0,3,26.0,1,0,14.4542,2,0,2.737880811060884,1,0,0,0,1,0,0,0,1,0,0
1,3,32.0,0,0,56.4958,1,1,4.05171190165724,1,0,1,0,1,0,0,0,1,0,0
0,3,25.0,0,0,7.65,1,1,2.157559320943788,1,0,1,0,1,0,0,0,1,0,0
0,3,28.0,0,0,7.8958,1,1,2.1855792552411137,1,0,1,0,1,0,0,0,1,0,0
0,3,28.0,0,0,8.05,1,1,2.2027647577118348,1,0,1,0,1,0,0,0,1,0,0
1,2,0.83,0,2,29.0,3,0,3.4011973816621555,1,0,1,0,0,0,0,0,0,0,0
1,3,30.0,0,0,12.475,1,1,2.600836116795061,0,0,1,1,0,0,0,0,1,0,0
0,3,22.0,0,0,9.0,1,1,2.302585092994046,1,0,1,0,1,0,0,0,1,0,0
1,3,29.0,0,0,9.5,1,1,2.3513752571634776,1,0,1,0,1,0,0,0,1,0,0
1,3,28.0,0,0,7.7875,1,1,2.1733302571367834,0,1,0,1,0,0,0,0,1,0,0
0,1,28.0,0,0,47.1,1,1,3.8732821771117156,1,0,1,0,1,0,0,0,1,0,0
1,2,17.0,0,0,10.5,1,1,2.4423470353692043,0,0,1,1,0,0,0,1,0,0,0
1,3,33.0,3,0,15.85,4,0,2.8243506567983707,0,0,1,0,0,1,0,0,1,0,0
0,3,16.0,1,3,34.375,5,0,3.5660053559634015,1,0,1,0,1,0,0,1,0,0,0
0,3,28.0,0,0,8.05,1,1,2.2027647577118348,1,0,1,0,1,0,0,0,1,0,0
1,1,23.0,3,2,263.0,6,0,5.575949103146316,0,0,1,1,0,0,0,0,1,0,0
0,3,24.0,0,0,8.05,1,1,2.2027647577118348,1,0,1,0,1,0,0,0,1,0,0
0,3,29.0,0,0,8.05,1,1,2.2027647577118348,1,0,1,0,1,0,0,0,1,0,0
0,3,20.0,0,0,7.8542,1,1,2.180891922715322,1,0,1,0,1,0,0,0,1,0,0
0,1,46.0,1,0,61.175,2,0,4.1299529896894684,1,0,1,0,1,0,0,0,0,1,0
0,3,26.0,1,2,20.575,4,0,3.0715352369694915,1,0,1,0,1,0,0,0,1,0,0
0,3,59.0,0,0,7.25,1,1,2.1102132003465894,1,0,1,0,1,0,0,0,0,1,0
0,3,28.0,0,0,8.05,1,1,2.2027647577118348,1,0,1,0,1,0,0,0,1,0,0
0,1,71.0,0,0,34.6542,1,1,3.57386695198272,1,0,0,0,1,0,0,0,0,0,1
1,1,23.0,0,1,63.3583,2,0,4.164465907853638,1,0,0,0,1,0,0,0,1,0,0
1,2,34.0,0,1,23.0,2,0,3.1780538303479458,0,0,1,0,0,1,0,0,1,0,0
0,2,34.0,1,0,26.0,2,0,3.295836866004329,1,0,1,0,1,0,0,0,1,0,0
0,3,28.0,0,0,7.8958,1,1,2.1855792552411137,0,0,1,1,0,0,0,0,1,0,0
0,3,28.0,0,0,7.8958,1,1,2.1855792552411137,1,0,1,0,1,0,0,0,1,0,0
0,1,21.0,0,1,77.2875,2,0,4.360387947851531,1,0,1,0,1,0,0,0,1,0,0
0,3,33.0,0,0,8.6542,1,1,2.267393053825037,1,0,1,0,1,0,0,0,1,0,0
0,3,37.0,2,0,7.925,3,0,2.188856327665703,1,0,1,0,1,0,0,0,0,1,0
0,3,28.0,0,0,7.8958,1,1,2.1855792552411137,1,0,1,0,1,0,0,0,1,0,0
1,3,21.0,0,0,7.65,1,1,2.157559320943788,0,0,1,1,0,0,0,0,1,0,0
1,3,28.0,0,0,7.775,1,1,2.1719067693519296,1,0,1,0,1,0,0,0,1,0,0
0,3,38.0,0,0,7.8958,1,1,2.1855792552411137,1,0,1,0,1,0,0,0,0,1,0
1,3,28.0,1,0,24.15,2,0,3.224857896545748,0,1,0,1,0,0,0,0,1,0,0
0,1,47.0,0,0,52.0,1,1,3.970291913552122,1,0,1,0,1,0,0,0,0,1,0
0,3,14.5,1,0,14.4542,2,0,2.737880811060884,0,0,0,1,0,0,0,1,0,0,0
0,3,22.0,0,0,8.05,1,1,2.2027647577118348,1,0,1,0,1,0,0,0,1,0,0
0,3,20.0,1,0,9.825,2,0,2.3818582738885534,0,0,1,1,0,0,0,0,1,0,0
0,3,17.0,0,0,14.4583,1,1,2.738146075922933,0,0,0,1,0,0,0,1,0,0,0
0,3,21.0,0,0,7.925,1,1,2.188856327665703,1,0,1,0,1,0,0,0,1,0,0
0,3,70.5,0,0,7.75,1,1,2.169053700369523,1,1,0,0,1,0,0,0,0,0,1
0,2,29.0,1,0,21.0,2,0,3.091042453358316,1,0,1,0,1,0,0,0,1,0,0
0,1,24.0,0,1,247.5208,2,0,5.515526544247129,1,0,0,0,1,0,0,0,1,0,0
0,3,2.0,4,2,31.275,7,0,3.4742929367327062,0,0,1,1,0,0,0,0,0,0,0
0,2,21.0,2,0,73.5,3,0,4.310799125385514,1,0,1,0,1,0,0,0,1,0,0
0,3,28.0,0,0,8.05,1,1,2.2027647577118348,1,0,1,0,1,0,0,0,1,0,0
0,2,32.5,1,0,30.0708,2,0,3.436268471383741,1,0,0,0,1,0,0,0,1,0,0
1,2,32.5,0,0,13.0,1,1,2.6390573296152584,0,0,1,1,0,0,0,0,1,0,0
0,1,54.0,0,1,77.2875,2,0,4.360387947851531,1,0,1,0,1,0,0,0,0,1,0
1,3,12.0,1,0,11.2417,2,0,2.5048481563289,1,0,0,0,0,0,0,0,0,0,0
0,3,28.0,0,0,7.75,1,1,2.169053700369523,1,1,0,0,1,0,0,0,1,0,0
1,3,24.0,0,0,7.1417,1,1,2.0969990034181696,1,0,1,0,1,0,0,0,1,0,0
1,3,28.0,1,1,22.3583,3,0,3.1509523813392697,0,0,0,1,0,0,0,0,1,0,0
0,3,45.0,0,0,6.975,1,1,2.076311648670908,1,0,1,0,1,0,0,0,0,1,0
0,3,33.0,0,0,7.8958,1,1,2.1855792552411137,1,0,0,0,1,0,0,0,1,0,0
0,3,20.0,0,0,7.05,1,1,2.0856720914304723,1,0,1,0,1,0,0,0,1,0,0
0,3,47.0,1,0,14.5,2,0,2.740840023925201,0,0,1,0,0,1,0,0,0,1,0
1,2,29.0,1,0,26.0,2,0,3.295836866004329,0,0,1,0,0,1,0,0,1,0,0
0,2,25.0,0,0,13.0,1,1,2.6390573296152584,1,0,1,0,1,0,0,0,1,0,0
0,2,23.0,0,0,15.0458,1,1,2.775447133088262,1,0,0,0,1,0,0,0,1,0,0
1,1,19.0,0,2,26.2833,3,0,3.3062747934011893,0,0,1,1,0,0,0,0,1,0,0
0,1,37.0,1,0,53.1,2,0,3.9908341858524357,1,0,1,0,1,0,0,0,0,1,0
0,3,16.0,0,0,9.2167,1,1,2.3240236363515288,1,0,1,0,1,0,0,1,0,0,0
0,1,24.0,0,0,79.2,1,1,4.384523514872469,1,0,0,0,1,0,0,0,1,0,0
0,3,28.0,0,2,15.2458,3,0,2.7878344138303452,0,0,0,0,0,1,0,0,1,0,0
1,3,22.0,0,0,7.75,1,1,2.169053700369523,0,0,1,1,0,0,0,0,1,0,0
1,3,24.0,1,0,15.85,2,0,2.8243506567983707,0,0,1,0,0,1,0,0,1,0,0
0,3,19.0,0,0,6.75,1,1,2.0476928433652555,1,1,0,0,1,0,0,0,1,0,0
0,2,18.0,0,0,11.5,1,1,2.5257286443082556,1,0,1,0,1,0,0,1,0,0,0
0,2,19.0,1,1,36.75,3,0,3.6309854756950335,1,0,1,0,1,0,0,0,1,0,0
1,3,27.0,0,0,7.7958,1,1,2.174274334826008,1,0,1,0,1,0,0,0,1,0,0
0,3,9.0,2,2,34.375,5,0,3.5660053559634015,0,0,1,1,0,0,0,0,0,0,0
0,2,36.5,0,2,26.0,3,0,3.295836866004329,1,0,1,0,1,0,0,0,0,1,0
0,2,42.0,0,0,13.0,1,1,2.6390573296152584,1,0,1,0,0,0,1,0,0,1,0
0,2,51.0,0,0,12.525,1,1,2.6045398247325453,1,0,1,0,0,0,1,0,0,1,0
1,1,22.0,1,0,66.6,2,0,4.213607983048918,0,0,1,0,0,1,0,0,1,0,0
0,3,55.5,0,0,8.05,1,1,2.2027647577118348,1,0,1,0,1,0,0,0,0,1,0
0,3,40.5,0,2,14.5,3,0,2.740840023925201,1,0,1,0,1,0,0,0,0,1,0
0,3,28.0,0,0,7.3125,1,1,2.1177604059819726,1,0,1,0,1,0,0,0,1,0,0
0,1,51.0,0,1,61.3792,2,0,4.133231886474144,1,0,0,0,1,0,0,0,0,1,0
1,3,16.0,0,0,7.7333,1,1,2.167143305297764,0,1,0,1,0,0,0,1,0,0,0
0,3,30.0,0,0,8.05,1,1,2.2027647577118348,1,0,1,0,1,0,0,0,1,0,0
0,3,28.0,0,0,8.6625,1,1,2.2682524139135403,1,0,1,0,1,0,0,0,1,0,0
0,3,28.0,8,2,69.55,11,0,4.256321678298823,1,0,1,0,0,0,0,0,1,0,0
0,3,44.0,0,1,16.1,2,0,2.8390784635086144,1,0,1,0,1,0,0,0,0,1,0
1,2,40.0,0,0,15.75,1,1,2.8183982582710754,0,0,1,0,0,1,0,0,0,1,0
0,3,26.0,0,0,7.775,1,1,2.1719067693519296,1,0,1,0,1,0,0,0,1,0,0
0,3,17.0,0,0,8.6625,1,1,2.2682524139135403,1,0,1,0,1,0,0,1,0,0,0
0,3,1.0,4,1,39.6875,6,0,3.705920919968788,1,0,1,0,0,0,0,0,0,0,0
1,3,9.0,0,2,20.525,3,0,3.0692150503137943,1,0,1,0,0,0,0,0,0,0,0
1,1,28.0,0,1,55.0,2,0,4.02535169073515,0,0,1,0,0,1,0,0,1,0,0
0,3,45.0,1,4,27.9,6,0,3.3638415951183864,0,0,1,0,0,1,0,0,0,1,0
0,1,28.0,0,0,25.925,1,1,3.2930552230424524,1,0,1,0,1,0,0,0,1,0,0
0,3,28.0,0,0,56.4958,1,1,4.05171190165724,1,0,1,0,1,0,0,0,1,0,0
0,1,61.0,0,0,33.5,1,1,3.5409593240373143,1,0,1,0,1,0,0,0,0,0,1
0,3,4.0,4,1,29.125,6,0,3.405355391810819,1,1,0,0,0,0,0,0,0,0,0
1,3,1.0,1,1,11.1333,3,0,2.495953738718064,0,0,1,1,0,0,0,0,0,0,0
0,3,21.0,0,0,7.925,1,1,2.188856327665703,1,0,1,0,1,0,0,0,1,0,0
0,1,56.0,0,0,30.6958,1,1,3.4561841799918147,1,0,0,0,1,0,0,0,0,1,0
0,3,18.0,1,1,7.8542,3,0,2.180891922715322,1,0,1,0,1,0,0,1,0,0,0
0,3,28.0,3,1,25.4667,5,0,3.275887339030031,1,0,1,0,0,0,0,0,1,0,0
0,1,50.0,0,0,28.7125,1,1,3.391567832686312,0,0,0,1,0,0,0,0,0,1,0
0,2,30.0,0,0,13.0,1,1,2.6390573296152584,1,0,1,0,1,0,0,0,1,0,0
0,3,36.0,0,0,0.0,1,1,0.0,1,0,1,0,1,0,0,0,0,1,0
0,3,28.0,8,2,69.55,11,0,4.256321678298823,0,0,1,1,0,0,0,0,1,0,0
0,2,28.0,0,0,15.05,1,1,2.775708849576025,1,0,0,0,1,0,0,0,1,0,0
0,3,9.0,4,2,31.3875,7,0,3.4777725458882283,1,0,1,0,0,0,0,0,0,0,0
1,2,1.0,2,1,39.0,4,0,3.6888794541139363,1,0,1,0,0,0,0,0,0,0,0
1,3,4.0,0,2,22.025,3,0,3.1365805821413706,0,0,1,1,0,0,0,0,0,0,0
0,1,28.0,0,0,50.0,1,1,3.9318256327243257,1,0,1,0,1,0,0,0,1,0,0
1,3,28.0,1,0,15.5,2,0,2.803360380906535,0,1,0,0,0,1,0,0,1,0,0
1,1,45.0,0,0,26.55,1,1,3.3160025355989236,1,0,1,0,1,0,0,0,0,1,0
0,3,40.0,1,1,15.5,3,0,2.803360380906535,1,1,0,0,1,0,0,0,0,1,0
0,3,36.0,0,0,7.8958,1,1,2.1855792552411137,1,0,1,0,1,0,0,0,0,1,0
1,2,32.0,0,0,13.0,1,1,2.6390573296152584,0,0,1,0,0,1,0,0,1,0,0
0,2,19.0,0,0,13.0,1,1,2.6390573296152584,1,0,1,0,1,0,0,0,1,0,0
1,3,19.0,1,0,7.8542,2,0,2.180891922715322,0,0,1,1,0,0,0,0,1,0,0
1,2,3.0,1,1,26.0,3,0,3.295836866004329,1,0,1,0,0,0,0,0,0,0,0
1,1,44.0,0,0,27.7208,1,1,3.357621598945279,0,0,0,0,0,1,0,0,0,1,0
1,1,58.0,0,0,146.5208,1,1,4.993969182787072,0,0,0,1,0,0,0,0,0,1,0
0,3,28.0,0,0,7.75,1,1,2.169053700369523,1,1,0,0,1,0,0,0,1,0,0
0,3,42.0,0,1,8.4042,2,0,2.2411563979973974,1,0,1,0,1,0,0,0,0,1,0
1,3,28.0,0,0,7.75,1,1,2.169053700369523,0,1,0,1,0,0,0,0,1,0,0
0,2,24.0,0,0,13.0,1,1,2.6390573296152584,0,0,1,1,0,0,0,0,1,0,0
0,3,28.0,0,0,9.5,1,1,2.3513752571634776,1,0,1,0,1,0,0,0,1,0,0
0,3,28.0,8,2,69.55,11,0,4.256321678298823,1,0,1,0,1,0,0,0,1,0,0
0,3,34.0,0,0,6.4958,1,1,2.0143428636837015,1,0,1,0,1,0,0,0,1,0,0
0,3,45.5,0,0,7.225,1,1,2.1071782966514356,1,0,0,0,1,0,0,0,0,1,0
1,3,18.0,0,0,8.05,1,1,2.2027647577118348,1,0,1,0,1,0,0,1,0,0,0
0,3,2.0,0,1,10.4625,2,0,2.4390808375825834,0,0,1,1,0,0,0,0,0,0,0
0,3,32.0,1,0,15.85,2,0,2.8243506567983707,1,0,1,0,1,0,0,0,1,0,0
1,3,26.0,0,0,18.7875,1,1,2.9850504252071306,1,0,0,0,1,0,0,0,1,0,0
1,3,16.0,0,0,7.75,1,1,2.169053700369523,0,1,0,1,0,0,0,1,0,0,0
1,1,40.0,0,0,31.0,1,1,3.4657359027997265,1,0,0,0,1,0,0,0,0,1,0
0,3,24.0,0,0,7.05,1,1,2.0856720914304723,1,0,1,0,1,0,0,0,1,0,0
1,2,35.0,0,0,21.0,1,1,3.091042453358316,0,0,1,1,0,0,0,0,1,0,0
0,3,22.0,0,0,7.25,1,1,2.1102132003465894,1,0,1,0,1,0,0,0,1,0,0
0,2,30.0,0,0,13.0,1,1,2.6390573296152584,1,0,1,0,1,0,0,0,1,0,0
0,3,28.0,1,0,7.75,2,0,2.169053700369523,1,1,0,0,1,0,0,0,1,0,0
1,1,31.0,1,0,113.275,2,0,4.738607824217808,0,0,0,1,0,0,0,0,1,0,0
1,3,27.0,0,0,7.925,1,1,2.188856327665703,0,0,1,1,0,0,0,0,1,0,0
0,2,42.0,1,0,27.0,2,0,3.332204510175204,1,0,1,0,1,0,0,0,0,1,0
1,1,32.0,0,0,76.2917,1,1,4.347586575960343,0,0,0,1,0,0,0,0,1,0,0
0,2,30.0,0,0,10.5,1,1,2.4423470353692043,1,0,1,0,1,0,0,0,1,0,0
1,3,16.0,0,0,8.05,1,1,2.2027647577118348,1,0,1,0,1,0,0,1,0,0,0
0,2,27.0,0,0,13.0,1,1,2.6390573296152584,1,0,1,0,1,0,0,0,1,0,0
0,3,51.0,0,0,8.05,1,1,2.2027647577118348,1,0,1,0,1,0,0,0,0,1,0
0,3,28.0,0,0,7.8958,1,1,2.1855792552411137,1,0,1,0,1,0,0,0,1,0,0
1,1,38.0,1,0,90.0,2,0,4.51085950651685,1,0,1,0,1,0,0,0,0,1,0
0,3,22.0,0,0,9.35,1,1,2.336986519711378,1,0,1,0,1,0,0,0,1,0,0
1,2,19.0,0,0,10.5,1,1,2.4423470353692043,1,0,1,0,1,0,0,0,1,0,0
0,3,20.5,0,0,7.25,1,1,2.1102132003465894,1,0,1,0,1,0,0,0,1,0,0
0,2,18.0,0,0,13.0,1,1,2.6390573296152584,1,0,1,0,1,0,0,1,0,0,0
0,3,28.0,3,1,25.4667,5,0,3.275887339030031,0,0,1,1,0,0,0,0,1,0,0
1,1,35.0,1,0,83.475,2,0,4.436455632600354,0,0,1,0,0,1,0,0,1,0,0
0,3,29.0,0,0,7.775,1,1,2.1719067693519296,1,0,1,0,1,0,0,0,1,0,0
0,2,59.0,0,0,13.5,1,1,2.6741486494265287,1,0,1,0,1,0,0,0,0,1,0
1,3,5.0,4,2,31.3875,7,0,3.4777725458882283,0,0,1,1,0,0,0,0,0,0,0
0,2,24.0,0,0,10.5,1,1,2.4423470353692043,1,0,1,0,1,0,0,0,1,0,0
0,3,28.0,0,0,7.55,1,1,2.145931282948669,0,0,1,1,0,0,0,0,1,0,0
0,2,44.0,1,0,26.0,2,0,3.295836866004329,1,0,1,0,1,0,0,0,0,1,0
1,2,8.0,0,2,26.25,3,0,3.305053521109253,0,0,1,1,0,0,0,0,0,0,0
0,2,19.0,0,0,10.5,1,1,2.4423470353692043,1,0,1,0,1,0,0,0,1,0,0
0,2,33.0,0,0,12.275,1,1,2.5858825671280026,1,0,1,0,1,0,0,0,1,0,0
0,3,28.0,1,0,14.4542,2,0,2.737880811060884,0,0,0,1,0,0,0,0,1,0,0
1,3,28.0,1,0,15.5,2,0,2.803360380906535,0,1,0,1,0,0,0,0,1,0,0
0,2,29.0,0,0,10.5,1,1,2.4423470353692043,1,0,1,0,1,0,0,0,1,0,0
0,3,22.0,0,0,7.125,1,1,2.094945728215801,1,0,1,0,1,0,0,0,1,0,0
0,3,30.0,0,0,7.225,1,1,2.1071782966514356,1,0,0,0,1,0,0,0,1,0,0
0,1,44.0,2,0,90.0,3,0,4.51085950651685,1,1,0,0,0,0,1,0,0,1,0
0,3,25.0,0,0,7.775,1,1,2.1719067693519296,0,0,1,1,0,0,0,0,1,0,0
1,2,24.0,0,2,14.5,3,0,2.740840023925201,0,0,1,0,0,1,0,0,1,0,0
1,1,37.0,1,1,52.5542,3,0,3.9806942251907276,1,0,1,0,1,0,0,0,0,1,0
0,2,54.0,1,0,26.0,2,0,3.295836866004329,1,0,1,0,0,0,1,0,0,1,0
0,3,28.0,0,0,7.25,1,1,2.1102132003465894,1,0,1,0,1,0,0,0,1,0,0
0,3,29.0,1,1,10.4625,3,0,2.4390808375825834,0,0,1,0,0,1,0,0,1,0,0
0,1,62.0,0,0,26.55,1,1,3.3160025355989236,1,0,1,0,1,0,0,0,0,0,1
0,3,30.0,1,0,16.1,2,0,2.8390784635086144,1,0,1,0,1,0,0,0,1,0,0
0,3,41.0,0,2,20.2125,3,0,3.0545906305603445,0,0,1,0,0,1,0,0,0,1,0
1,3,29.0,0,2,15.2458,3,0,2.7878344138303452,0,0,0,0,0,1,0,0,1,0,0
1,1,28.0,0,0,79.2,1,1,4.384523514872469,0,0,0,0,0,1,0,0,1,0,0
1,1,30.0,0,0,86.5,1,1,4.471638793363569,0,0,1,1,0,0,0,0,1,0,0
1,1,35.0,0,0,512.3292,1,1,6.240917354759096,0,0,0,1,0,0,0,0,1,0,0
1,2,50.0,0,1,26.0,2,0,3.295836866004329,0,0,1,0,0,1,0,0,0,1,0
0,3,28.0,0,0,7.75,1,1,2.169053700369523,1,1,0,0,1,0,0,0,1,0,0
1,3,3.0,4,2,31.3875,7,0,3.4777725458882283,1,0,1,0,0,0,0,0,0,0,0
0,1,52.0,1,1,79.65,3,0,4.390118804571218,1,0,1,0,1,0,0,0,0,1,0
0,1,40.0,0,0,0.0,1,1,0.0,1,0,1,0,1,0,0,0,0,1,0
0,3,28.0,0,0,7.75,1,1,2.169053700369523,0,1,0,1,0,0,0,0,1,0,0
0,2,36.0,0,0,10.5,1,1,2.4423470353692043,1,0,1,0,1,0,0,0,0,1,0
0,3,16.0,4,1,39.6875,6,0,3.705920919968788,1,0,1,0,1,0,0,1,0,0,0
1,3,25.0,1,0,7.775,2,0,2.1719067693519296,1,0,1,0,1,0,0,0,1,0,0
1,1,58.0,0,1,153.4625,2,0,5.039951348430309,0,0,1,0,0,1,0,0,0,1,0
1,1,35.0,0,0,135.6333,1,1,4.91730069488021,0,0,1,1,0,0,0,0,1,0,0
0,1,28.0,0,0,31.0,1,1,3.4657359027997265,1,0,1,0,1,0,0,0,1,0,0
1,3,25.0,0,0,0.0,1,1,0.0,1,0,1,0,1,0,0,0,1,0,0
1,2,41.0,0,1,19.5,2,0,3.0204248861443626,0,0,1,0,0,1,0,0,0,1,0
0,1,37.0,0,1,29.7,2,0,3.4242626545931514,1,0,0,0,1,0,0,0,0,1,0
1,3,28.0,0,0,7.75,1,1,2.169053700369523,0,1,0,1,0,0,0,0,1,0,0
1,1,63.0,1,0,77.9583,2,0,4.368919865004903,0,0,1,1,0,0,0,0,0,0,1
0,3,45.0,0,0,7.75,1,1,2.169053700369523,0,0,1,1,0,0,0,0,0,1,0
0,2,28.0,0,0,0.0,1,1,0.0,1,0,1,0,1,0,0,0,1,0,0
0,3,7.0,4,1,29.125,6,0,3.405355391810819,1,1,0,0,0,0,0,0,0,0,0
1,3,35.0,1,1,20.25,3,0,3.056356895370426,0,0,1,0,0,1,0,0,1,0,0
0,3,65.0,0,0,7.75,1,1,2.169053700369523,1,1,0,0,1,0,0,0,0,0,1
0,3,28.0,0,0,7.8542,1,1,2.180891922715322,1,0,1,0,1,0,0,0,1,0,0
0,3,16.0,0,0,9.5,1,1,2.3513752571634776,1,0,1,0,1,0,0,1,0,0,0
1,3,19.0,0,0,8.05,1,1,2.2027647577118348,1,0,1,0,1,0,0,0,1,0,0
0,1,28.0,0,0,26.0,1,1,3.295836866004329,1,0,1,0,1,0,0,0,1,0,0
0,3,33.0,0,0,8.6625,1,1,2.2682524139135403,1,0,0,0,1,0,0,0,1,0,0
1,3,30.0,0,0,9.5,1,1,2.3513752571634776,1,0,1,0,1,0,0,0,1,0,0
0,3,22.0,0,0,7.8958,1,1,2.1855792552411137,1,0,1,0,1,0,0,0,1,0,0
1,2,42.0,0,0,13.0,1,1,2.6390573296152584,1,0,1,0,1,0,0,0,0,1,0
1,3,22.0,0,0,7.75,1,1,2.169053700369523,0,1,0,1,0,0,0,0,1,0,0
1,1,26.0,0,0,78.85,1,1,4.380149874661021,0,0,1,1,0,0,0,0,1,0,0
1,1,19.0,1,0,91.0792,2,0,4.5226490762785785,0,0,0,0,0,1,0,0,1,0,0
0,2,36.0,0,0,12.875,1,1,2.630088659632498,1,0,0,0,1,0,0,0,0,1,0
0,3,24.0,0,0,8.85,1,1,2.2874714551839976,0,0,1,1,0,0,0,0,1,0,0
0,3,24.0,0,0,7.8958,1,1,2.1855792552411137,1,0,1,0,1,0,0,0,1,0,0
0,1,28.0,0,0,27.7208,1,1,3.357621598945279,1,0,0,0,1,0,0,0,1,0,0
0,3,23.5,0,0,7.2292,1,1,2.1076888046179385,1,0,0,0,1,0,0,0,1,0,0
0,1,2.0,1,2,151.55,4,0,5.027492411162679,0,0,1,1,0,0,0,0,0,0,0
1,1,28.0,0,0,30.5,1,1,3.449987545831587,1,0,1,0,1,0,0,0,1,0,0
1,1,50.0,0,1,247.5208,2,0,5.515526544247129,0,0,0,0,0,1,0,0,0,1,0
1,3,28.0,0,0,7.75,1,1,2.169053700369523,0,1,0,1,0,0,0,0,1,0,0
1,3,28.0,2,0,23.25,3,0,3.188416617383492,1,1,0,0,1,0,0,0,1,0,0
0,3,19.0,0,0,0.0,1,1,0.0,1,0,1,0,1,0,0,0,1,0,0
1,2,28.0,0,0,12.35,1,1,2.5915163848462583,0,1,0,1,0,0,0,0,1,0,0
0,3,28.0,0,0,8.05,1,1,2.2027647577118348,1,0,1,0,1,0,0,0,1,0,0
1,1,0.92,1,2,151.55,4,0,5.027492411162679,1,0,1,0,0,0,0,0,0,0,0
1,1,28.0,0,0,110.8833,1,1,4.717456363787216,0,0,0,1,0,0,0,0,1,0,0
1,1,17.0,1,0,108.9,2,0,4.699570861409576,0,0,0,0,0,1,0,1,0,0,0
0,2,30.0,1,0,24.0,2,0,3.2188758248682006,1,0,0,0,1,0,0,0,1,0,0
1,1,30.0,0,0,56.9292,1,1,4.0592215752427645,0,0,0,1,0,0,0,0,1,0,0
1,1,24.0,0,0,83.1583,1,1,4.432699549165613,0,0,0,1,0,0,0,0,1,0,0
1,1,18.0,2,2,262.375,5,0,5.5735788721243535,0,0,0,1,0,0,0,1,0,0,0
0,2,26.0,1,1,26.0,3,0,3.295836866004329,0,0,1,0,0,1,0,0,1,0,0
0,3,28.0,0,0,7.8958,1,1,2.1855792552411137,1,0,1,0,1,0,0,0,1,0,0
0,2,43.0,1,1,26.25,3,0,3.305053521109253,1,0,1,0,1,0,0,0,0,1,0
1,3,26.0,0,0,7.8542,1,1,2.180891922715322,0,0,1,1,0,0,0,0,1,0,0
1,2,24.0,1,0,26.0,2,0,3.295836866004329,0,0,1,0,0,1,0,0,1,0,0
0,2,54.0,0,0,14.0,1,1,2.70805020110221,1,0,1,0,0,0,1,0,0,1,0
1,1,31.0,0,2,164.8667,3,0,5.11118445372147,0,0,1,1,0,0,0,0,1,0,0
1,1,40.0,1,1,134.5,3,0,4.908971640319756,0,0,0,0,0,1,0,0,0,1,0
0,3,22.0,0,0,7.25,1,1,2.1102132003465894,1,0,1,0,1,0,0,0,1,0,0
0,3,27.0,0,0,7.8958,1,1,2.1855792552411137,1,0,1,0,1,0,0,0,1,0,0
1,2,30.0,0,0,12.35,1,1,2.5915163848462583,0,1,0,1,0,0,0,0,1,0,0
1,2,22.0,1,1,29.0,3,0,3.4011973816621555,0,0,1,0,0,1,0,0,1,0,0
0,3,28.0,8,2,69.55,11,0,4.256321678298823,1,0,1,0,1,0,0,0,1,0,0
1,1,36.0,0,0,135.6333,1,1,4.91730069488021,0,0,0,1,0,0,0,0,0,1,0
0,3,61.0,0,0,6.2375,1,1,1.9792758428991135,1,0,1,0,1,0,0,0,0,0,1
1,2,36.0,0,0,13.0,1,1,2.6390573296152584,0,0,1,0,0,1,0,0,0,1,0
1,3,31.0,1,1,20.525,3,0,3.0692150503137943,0,0,1,0,0,1,0,0,1,0,0
1,1,16.0,0,1,57.9792,2,0,4.077184839375167,0,0,0,1,0,0,0,1,0,0,0
1,3,28.0,2,0,23.25,3,0,3.188416617383492,0,1,0,1,0,0,0,0,1,0,0
0,1,45.5,0,0,28.5,1,1,3.3843902633457743,1,0,1,0,1,0,0,0,0,1,0
0,1,38.0,0,1,153.4625,2,0,5.039951348430309,1,0,1,0,1,0,0,0,0,1,0
0,3,16.0,2,0,18.0,3,0,2.9444389791664403,1,0,1,0,1,0,0,1,0,0,0
1,1,28.0,1,0,133.65,2,0,4.902678819257608,0,0,1,0,0,1,0,0,1,0,0
0,3,28.0,0,0,7.8958,1,1,2.1855792552411137,1,0,1,0,1,0,0,0,1,0,0
0,1,29.0,1,0,66.6,2,0,4.213607983048918,1,0,1,0,1,0,0,0,1,0,0
1,1,41.0,0,0,134.5,1,1,4.908971640319756,0,0,0,1,0,0,0,0,0,1,0
1,3,45.0,0,0,8.05,1,1,2.2027647577118348,1,0,1,0,1,0,0,0,0,1,0
0,1,45.0,0,0,35.5,1,1,3.597312260588446,1,0,1,0,1,0,0,0,0,1,0
1,2,2.0,1,1,26.0,3,0,3.295836866004329,1,0,1,0,0,0,0,0,0,0,0
1,1,24.0,3,2,263.0,6,0,5.575949103146316,0,0,1,1,0,0,0,0,1,0,0
0,2,28.0,0,0,13.0,1,1,2.6390573296152584,1,0,1,0,1,0,0,0,1,0,0
0,2,25.0,0,0,13.0,1,1,2.6390573296152584,1,0,1,0,1,0,0,0,1,0,0
0,2,36.0,0,0,13.0,1,1,2.6390573296152584,1,0,1,0,1,0,0,0,0,1,0
1,2,24.0,0,0,13.0,1,1,2.6390573296152584,0,0,1,1,0,0,0,0,1,0,0
1,2,40.0,0,0,13.0,1,1,2.6390573296152584,0,0,1,1,0,0,0,0,0,1,0
1,3,28.0,1,0,16.1,2,0,2.8390784635086144,0,0,1,0,0,1,0,0,1,0,0
1,3,3.0,1,1,15.9,3,0,2.8273136219290276,1,0,1,0,0,0,0,0,0,0,0
0,3,42.0,0,0,8.6625,1,1,2.2682524139135403,1,0,1,0,1,0,0,0,0,1,0
0,3,23.0,0,0,9.225,1,1,2.3248357019288655,1,0,1,0,1,0,0,0,1,0,0
0,1,28.0,0,0,35.0,1,1,3.58351893845611,1,0,1,0,1,0,0,0,1,0,0
0,3,15.0,1,1,7.2292,3,0,2.1076888046179385,1,0,0,0,1,0,0,1,0,0,0
0,3,25.0,1,0,17.8,2,0,2.9338568698359038,1,0,1,0,1,0,0,0,1,0,0
0,3,28.0,0,0,7.225,1,1,2.1071782966514356,1,0,0,0,1,0,0,0,1,0,0
0,3,28.0,0,0,9.5,1,1,2.3513752571634776,1,0,1,0,1,0,0,0,1,0,0
1,1,22.0,0,1,55.0,2,0,4.02535169073515,0,0,1,1,0,0,0,0,1,0,0
0,2,38.0,0,0,13.0,1,1,2.6390573296152584,0,0,1,1,0,0,0,0,0,1,0
1,3,28.0,0,0,7.8792,1,1,2.1837114628556327,0,1,0,1,0,0,0,0,1,0,0
1,3,28.0,0,0,7.8792,1,1,2.1837114628556327,0,1,0,1,0,0,0,0,1,0,0
0,3,40.0,1,4,27.9,6,0,3.3638415951183864,1,0,1,0,1,0,0,0,0,1,0
0,2,29.0,1,0,27.7208,2,0,3.357621598945279,1,0,0,0,1,0,0,0,1,0,0
0,3,45.0,0,1,14.4542,2,0,2.737880811060884,0,0,0,0,0,1,0,0,0,1,0
0,3,35.0,0,0,7.05,1,1,2.0856720914304723,1,0,1,0,1,0,0,0,1,0,0
0,3,28.0,1,0,15.5,2,0,2.803360380906535,1,1,0,0,1,0,0,0,1,0,0
0,3,30.0,0,0,7.25,1,1,2.1102132003465894,1,0,1,0,1,0,0,0,1,0,0
1,1,60.0,1,0,75.25,2,0,4.334017415487521,0,0,0,0,0,1,0,0,0,1,0
1,3,28.0,0,0,7.2292,1,1,2.1076888046179385,0,0,0,0,0,1,0,0,1,0,0
1,3,28.0,0,0,7.75,1,1,2.169053700369523,0,1,0,1,0,0,0,0,1,0,0
1,1,24.0,0,0,69.3,1,1,4.252771798816619,0,0,0,0,0,1,0,0,1,0,0
1,1,25.0,1,0,55.4417,2,0,4.0332082470129285,1,0,0,0,1,0,0,0,1,0,0
0,3,18.0,1,0,6.4958,2,0,2.0143428636837015,1,0,1,0,1,0,0,1,0,0,0
0,3,19.0,0,0,8.05,1,1,2.2027647577118348,1,0,1,0,1,0,0,0,1,0,0
0,1,22.0,0,0,135.6333,1,1,4.91730069488021,1,0,0,0,1,0,0,0,1,0,0
0,3,3.0,3,1,21.075,5,0,3.0944457464900235,0,0,1,1,0,0,0,0,0,0,0
1,1,28.0,1,0,82.1708,2,0,4.420896324687287,0,0,0,0,0,1,0,0,1,0,0
1,3,22.0,0,0,7.25,1,1,2.1102132003465894,0,0,1,1,0,0,0,0,1,0,0
0,1,27.0,0,2,211.5,3,0,5.358941988364472,1,0,0,0,1,0,0,0,1,0,0
0,3,20.0,0,0,4.0125,1,1,1.6119347926326877,1,0,0,0,1,0,0,0,1,0,0
0,3,19.0,0,0,7.775,1,1,2.1719067693519296,1,0,1,0,1,0,0,0,1,0,0
1,1,42.0,0,0,227.525,1,1,5.4316456135398825,0,0,0,1,0,0,0,0,0,1,0
1,3,1.0,0,2,15.7417,3,0,2.817902613071225,0,0,0,1,0,0,0,0,0,0,0
0,3,32.0,0,0,7.925,1,1,2.188856327665703,1,0,1,0,1,0,0,0,1,0,0
1,1,35.0,1,0,52.0,2,0,3.970291913552122,0,0,1,0,0,1,0,0,1,0,0
0,3,28.0,0,0,7.8958,1,1,2.1855792552411137,1,0,1,0,1,0,0,0,1,0,0
0,2,18.0,0,0,73.5,1,1,4.310799125385514,1,0,1,0,1,0,0,1,0,0,0
0,3,1.0,5,2,46.9,8,0,3.8691155044168695,1,0,1,0,0,0,0,0,0,0,0
1,2,36.0,0,0,13.0,1,1,2.6390573296152584,0,0,1,1,0,0,0,0,0,1,0
0,3,28.0,0,0,7.7292,1,1,2.1666737276227077,1,1,0,0,1,0,0,0,1,0,0
1,2,17.0,0,0,12.0,1,1,2.5649493574615367,0,0,0,1,0,0,0,1,0,0,0
1,1,36.0,1,2,120.0,4,0,4.795790545596741,1,0,1,0,1,0,0,0,0,1,0
1,3,21.0,0,0,7.7958,1,1,2.174274334826008,1,0,1,0,1,0,0,0,1,0,0
0,3,28.0,2,0,7.925,3,0,2.188856327665703,1,0,1,0,1,0,0,0,1,0,0
1,1,23.0,1,0,113.275,2,0,4.738607824217808,0,0,0,1,0,0,0,0,1,0,0
1,3,24.0,0,2,16.7,3,0,2.8735646395797834,0,0,1,0,0,1,0,0,1,0,0
0,3,22.0,0,0,7.7958,1,1,2.174274334826008,1,0,1,0,1,0,0,0,1,0,0
0,3,31.0,0,0,7.8542,1,1,2.180891922715322,0,0,1,1,0,0,0,0,1,0,0
0,2,46.0,0,0,26.0,1,1,3.295836866004329,1,0,1,0,1,0,0,0,0,1,0
0,2,23.0,0,0,10.5,1,1,2.4423470353692043,1,0,1,0,0,0,1,0,1,0,0
1,2,28.0,0,0,12.65,1,1,2.613739521630969,0,0,1,0,0,1,0,0,1,0,0
1,3,39.0,0,0,7.925,1,1,2.188856327665703,1,0,1,0,1,0,0,0,0,1,0
0,3,26.0,0,0,8.05,1,1,2.2027647577118348,1,0,1,0,1,0,0,0,1,0,0
0,3,21.0,1,0,9.825,2,0,2.3818582738885534,0,0,1,1,0,0,0,0,1,0,0
0,3,28.0,1,0,15.85,2,0,2.8243506567983707,1,0,1,0,1,0,0,0,1,0,0
0,3,20.0,0,0,8.6625,1,1,2.2682524139135403,0,0,1,1,0,0,0,0,1,0,0
0,2,34.0,1,0,21.0,2,0,3.091042453358316,1,0,1,0,1,0,0,0,1,0,0
0,3,51.0,0,0,7.75,1,1,2.169053700369523,1,0,1,0,1,0,0,0,0,1,0
1,2,3.0,1,1,18.75,3,0,2.9831534913471307,1,0,1,0,0,0,0,0,0,0,0
0,3,21.0,0,0,7.775,1,1,2.1719067693519296,1,0,1,0,1,0,0,0,1,0,0
0,3,28.0,3,1,25.4667,5,0,3.275887339030031,0,0,1,1,0,0,0,0,1,0,0
0,3,28.0,0,0,7.8958,1,1,2.1855792552411137,1,0,1,0,1,0,0,0,1,0,0
0,3,28.0,0,0,6.8583,1,1,2.061570298060867,1,1,0,0,1,0,0,0,1,0,0
1,1,33.0,1,0,90.0,2,0,4.51085950651685,0,1,0,1,0,0,0,0,1,0,0
0,2,28.0,0,0,0.0,1,1,0.0,1,0,1,0,1,0,0,0,1,0,0
1,3,44.0,0,0,7.925,1,1,2.188856327665703,1,0,1,0,1,0,0,0,0,1,0
0,3,28.0,0,0,8.05,1,1,2.2027647577118348,0,0,1,0,0,1,0,0,1,0,0
1,2,34.0,1,1,32.5,3,0,3.5115454388310208,0,0,1,0,0,1,0,0,1,0,0
1,2,18.0,0,2,13.0,3,0,2.6390573296152584,0,0,1,1,0,0,0,1,0,0,0
0,2,30.0,0,0,13.0,1,1,2.6390573296152584,1,0,1,0,1,0,0,0,1,0,0
0,3,10.0,0,2,24.15,3,0,3.224857896545748,0,0,1,1,0,0,0,0,0,0,0
0,3,28.0,0,0,7.8958,1,1,2.1855792552411137,1,0,0,0,1,0,0,0,1,0,0
0,3,21.0,0,0,7.7333,1,1,2.167143305297764,1,1,0,0,1,0,0,0,1,0,0
0,3,29.0,0,0,7.875,1,1,2.1832383353614797,1,0,1,0,1,0,0,0,1,0,0
0,3,28.0,1,1,14.4,3,0,2.7343675094195836,0,0,1,0,0,1,0,0,1,0,0
0,3,18.0,1,1,20.2125,3,0,3.0545906305603445,1,0,1,0,1,0,0,1,0,0,0
0,3,28.0,0,0,7.25,1,1,2.1102132003465894,1,0,1,0,1,0,0,0,1,0,0
1,2,28.0,1,0,26.0,2,0,3.295836866004329,0,0,1,0,0,1,0,0,1,0,0
1,2,19.0,0,0,26.0,1,1,3.295836866004329,0,0,1,1,0,0,0,0,1,0,0
0,3,28.0,0,0,7.75,1,1,2.169053700369523,1,1,0,0,1,0,0,0,1,0,0
1,3,32.0,0,0,8.05,1,1,2.2027647577118348,1,0,1,0,1,0,0,0,1,0,0
1,1,28.0,0,0,26.55,1,1,3.3160025355989236,1,0,1,0,1,0,0,0,1,0,0
1,3,28.0,1,0,16.1,2,0,2.8390784635086144,0,0,1,0,0,1,0,0,1,0,0
1,2,42.0,1,0,26.0,2,0,3.295836866004329,0,0,1,0,0,1,0,0,0,1,0
0,3,17.0,0,0,7.125,1,1,2.094945728215801,1,0,1,0,1,0,0,1,0,0,0
0,1,50.0,1,0,55.9,2,0,4.041295341132285,1,0,1,0,1,0,0,0,0,1,0
1,1,14.0,1,2,120.0,4,0,4.795790545596741,0,0,1,1,0,0,0,1,0,0,0
0,3,21.0,2,2,34.375,5,0,3.5660053559634015,0,0,1,1,0,0,0,0,1,0,0
1,2,24.0,2,3,18.75,6,0,2.9831534913471307,0,0,1,0,0,1,0,0,1,0,0
0,1,64.0,1,4,263.0,6,0,5.575949103146316,1,0,1,0,1,0,0,0,0,0,1
0,2,31.0,0,0,10.5,1,1,2.4423470353692043,1,0,1,0,1,0,0,0,1,0,0
1,2,45.0,1,1,26.25,3,0,3.305053521109253,0,0,1,0,0,1,0,0,0,1,0
0,3,20.0,0,0,9.5,1,1,2.3513752571634776,1,0,1,0,1,0,0,0,1,0,0
0,3,25.0,1,0,7.775,2,0,2.1719067693519296,1,0,1,0,1,0,0,0,1,0,0
1,2,28.0,0,0,13.0,1,1,2.6390573296152584,0,0,1,1,0,0,0,0,1,0,0
1,3,28.0,0,0,8.1125,1,1,2.2096470973347766,1,0,1,0,1,0,0,0,1,0,0
1,1,4.0,0,2,81.8583,3,0,4.417131919904876,1,0,1,0,0,0,0,0,0,0,0
1,2,13.0,0,1,19.5,2,0,3.0204248861443626,0,0,1,1,0,0,0,1,0,0,0
1,1,34.0,0,0,26.55,1,1,3.3160025355989236,1,0,1,0,1,0,0,0,1,0,0
1,3,5.0,2,1,19.2583,4,0,3.0085645861193133,0,0,0,1,0,0,0,0,0,0,0
1,1,52.0,0,0,30.5,1,1,3.449987545831587,1,0,1,0,0,0,1,0,0,1,0
0,2,36.0,1,2,27.75,4,0,3.3586377672433594,1,0,1,0,1,0,0,0,0,1,0
0,3,28.0,1,0,19.9667,2,0,3.0429354648621407,1,0,1,0,1,0,0,0,1,0,0
0,1,30.0,0,0,27.75,1,1,3.3586377672433594,1,0,0,0,1,0,0,0,1,0,0
1,1,49.0,1,0,89.1042,2,0,4.500966778400217,1,0,0,0,1,0,0,0,0,1,0
0,3,28.0,0,0,8.05,1,1,2.2027647577118348,1,0,1,0,1,0,0,0,1,0,0
1,3,29.0,0,0,7.8958,1,1,2.1855792552411137,1,0,0,0,1,0,0,0,1,0,0
0,1,65.0,0,0,26.55,1,1,3.3160025355989236,1,0,1,0,1,0,0,0,0,0,1
1,1,28.0,1,0,51.8625,2,0,3.967694202798607,0,0,1,0,0,1,0,0,1,0,0
1,2,50.0,0,0,10.5,1,1,2.4423470353692043,0,0,1,1,0,0,0,0,0,1,0
0,3,28.0,0,0,7.75,1,1,2.169053700369523,1,1,0,0,1,0,0,0,1,0,0
1,1,48.0,0,0,26.55,1,1,3.3160025355989236,1,0,1,0,1,0,0,0,0,1,0
0,3,34.0,0,0,8.05,1,1,2.2027647577118348,1,0,1,0,1,0,0,0,1,0,0
0,1,47.0,0,0,38.5,1,1,3.676300671907076,1,0,1,0,1,0,0,0,0,1,0
0,2,48.0,0,0,13.0,1,1,2.6390573296152584,1,0,1,0,1,0,0,0,0,1,0
0,3,28.0,0,0,8.05,1,1,2.2027647577118348,1,0,1,0,1,0,0,0,1,0,0
0,3,38.0,0,0,7.05,1,1,2.0856720914304723,1,0,1,0,1,0,0,0,0,1,0
0,2,28.0,0,0,0.0,1,1,0.0,1,0,1,0,1,0,0,0,1,0,0
0,1,56.0,0,0,26.55,1,1,3.3160025355989236,1,0,1,0,1,0,0,0,0,1,0
0,3,28.0,0,0,7.725,1,1,2.1661924680884908,1,1,0,0,1,0,0,0,1,0,0
1,3,0.75,2,1,19.2583,4,0,3.0085645861193133,0,0,0,1,0,0,0,0,0,0,0
0,3,28.0,0,0,7.25,1,1,2.1102132003465894,1,0,1,0,1,0,0,0,1,0,0
0,3,38.0,0,0,8.6625,1,1,2.2682524139135403,1,0,1,0,1,0,0,0,0,1,0
1,2,33.0,1,2,27.75,4,0,3.3586377672433594,0,0,1,0,0,1,0,0,1,0,0
1,2,23.0,0,0,13.7917,1,1,2.694066212646058,0,0,0,0,0,1,0,0,1,0,0
0,3,22.0,0,0,9.8375,1,1,2.3830123421066602,0,0,1,1,0,0,0,0,1,0,0
0,1,28.0,0,0,52.0,1,1,3.970291913552122,1,0,1,0,1,0,0,0,1,0,0
0,2,34.0,1,0,21.0,2,0,3.091042453358316,1,0,1,0,1,0,0,0,1,0,0
0,3,29.0,1,0,7.0458,2,0,2.0851502161468174,1,0,1,0,1,0,0,0,1,0,0
0,3,22.0,0,0,7.5208,1,1,2.142510233146819,1,0,1,0,1,0,0,0,1,0,0
1,3,2.0,0,1,12.2875,2,0,2.586823743668066,0,0,1,1,0,0,0,0,0,0,0
0,3,9.0,5,2,46.9,8,0,3.8691155044168695,1,0,1,0,0,0,0,0,0,0,0
0,2,28.0,0,0,0.0,1,1,0.0,1,0,1,0,1,0,0,0,1,0,0
0,3,50.0,0,0,8.05,1,1,2.2027647577118348,1,0,1,0,1,0,0,0,0,1,0
1,3,63.0,0,0,9.5875,1,1,2.3596740599781727,0,0,1,0,0,1,0,0,0,0,1
1,1,25.0,1,0,91.0792,2,0,4.5226490762785785,1,0,0,0,1,0,0,0,1,0,0
0,3,28.0,3,1,25.4667,5,0,3.275887339030031,0,0,1,1,0,0,0,0,1,0,0
1,1,35.0,1,0,90.0,2,0,4.51085950651685,0,0,1,0,0,1,0,0,1,0,0
0,1,58.0,0,0,29.7,1,1,3.4242626545931514,1,0,0,0,1,0,0,0,0,1,0
0,3,30.0,0,0,8.05,1,1,2.2027647577118348,1,0,1,0,1,0,0,0,1,0,0
1,3,9.0,1,1,15.9,3,0,2.8273136219290276,1,0,1,0,0,0,0,0,0,0,0
0,3,28.0,1,0,19.9667,2,0,3.0429354648621407,1,0,1,0,1,0,0,0,1,0,0
0,3,21.0,0,0,7.25,1,1,2.1102132003465894,1,0,1,0,1,0,0,0,1,0,0
0,1,55.0,0,0,30.5,1,1,3.449987545831587,1,0,1,0,1,0,0,0,0,1,0
0,1,71.0,0,0,49.5042,1,1,3.922056501139853,1,0,0,0,1,0,0,0,0,0,1
0,3,21.0,0,0,8.05,1,1,2.2027647577118348,1,0,1,0,1,0,0,0,1,0,0
0,3,28.0,0,0,14.4583,1,1,2.738146075922933,1,0,0,0,1,0,0,0,1,0,0
1,1,54.0,1,0,78.2667,2,0,4.37281811610993,0,0,0,1,0,0,0,0,0,1,0
0,3,28.0,0,0,15.1,1,1,2.7788192719904172,1,0,1,0,1,0,0,0,1,0,0
0,1,25.0,1,2,151.55,4,0,5.027492411162679,0,0,1,0,0,1,0,0,1,0,0
0,3,24.0,0,0,7.7958,1,1,2.174274334826008,1,0,1,0,1,0,0,0,1,0,0
0,3,17.0,0,0,8.6625,1,1,2.2682524139135403,1,0,1,0,1,0,0,1,0,0,0
0,3,21.0,0,0,7.75,1,1,2.169053700369523,0,1,0,1,0,0,0,0,1,0,0
0,3,28.0,0,0,7.6292,1,1,2.155151800914312,0,1,0,1,0,0,0,0,1,0,0
0,3,37.0,0,0,9.5875,1,1,2.3596740599781727,0,0,1,1,0,0,0,0,0,1,0
1,1,16.0,0,0,86.5,1,1,4.471638793363569,0,0,1,1,0,0,0,1,0,0,0
0,1,18.0,1,0,108.9,2,0,4.699570861409576,1,0,0,0,1,0,0,1,0,0,0
1,2,33.0,0,2,26.0,3,0,3.295836866004329,0,0,1,0,0,1,0,0,1,0,0
1,1,28.0,0,0,26.55,1,1,3.3160025355989236,1,0,1,0,1,0,0,0,1,0,0
0,3,28.0,0,0,22.525,1,1,3.1580636854714434,1,0,1,0,1,0,0,0,1,0,0
1,3,26.0,0,0,56.4958,1,1,4.05171190165724,1,0,1,0,1,0,0,0,1,0,0
1,3,29.0,0,0,7.75,1,1,2.169053700369523,1,1,0,0,1,0,0,0,1,0,0
0,3,28.0,0,0,8.05,1,1,2.2027647577118348,1,0,1,0,1,0,0,0,1,0,0
1,1,36.0,0,0,26.2875,1,1,3.3064287218760624,1,0,1,0,1,0,0,0,0,1,0
1,1,54.0,1,0,59.4,2,0,4.100989104940769,0,0,0,0,0,1,0,0,0,1,0
0,3,24.0,0,0,7.4958,1,1,2.139571923732859,1,0,1,0,1,0,0,0,1,0,0
0,1,47.0,0,0,34.0208,1,1,3.5559421706858756,1,0,1,0,1,0,0,0,0,1,0
1,2,34.0,0,0,10.5,1,1,2.4423470353692043,0,0,1,0,0,1,0,0,1,0,0
0,3,28.0,0,0,24.15,1,1,3.224857896545748,1,1,0,0,1,0,0,0,1,0,0
1,2,36.0,1,0,26.0,2,0,3.295836866004329,0,0,1,0,0,1,0,0,0,1,0
0,3,32.0,0,0,7.8958,1,1,2.1855792552411137,1,0,1,0,1,0,0,0,1,0,0
1,1,30.0,0,0,93.5,1,1,4.548599834499697,0,0,1,1,0,0,0,0,1,0,0
0,3,22.0,0,0,7.8958,1,1,2.1855792552411137,1,0,1,0,1,0,0,0,1,0,0
0,3,28.0,0,0,7.225,1,1,2.1071782966514356,1,0,0,0,1,0,0,0,1,0,0
1,1,44.0,0,1,57.9792,2,0,4.077184839375167,0,0,0,0,0,1,0,0,0,1,0
0,3,28.0,0,0,7.2292,1,1,2.1076888046179385,1,0,0,0,1,0,0,0,1,0,0
0,3,40.5,0,0,7.75,1,1,2.169053700369523,1,1,0,0,1,0,0,0,0,1,0
1,2,50.0,0,0,10.5,1,1,2.4423470353692043,0,0,1,1,0,0,0,0,0,1,0
0,1,28.0,0,0,221.7792,1,1,5.406181146423973,1,0,1,0,1,0,0,0,1,0,0
0,3,39.0,0,0,7.925,1,1,2.188856327665703,1,0,1,0,1,0,0,0,0,1,0
0,2,23.0,2,1,11.5,4,0,2.5257286443082556,1,0,1,0,1,0,0,0,1,0,0
1,2,2.0,1,1,26.0,3,0,3.295836866004329,0,0,1,1,0,0,0,0,0,0,0
0,3,28.0,0,0,7.2292,1,1,2.1076888046179385,1,0,0,0,1,0,0,0,1,0,0
0,3,17.0,1,1,7.2292,3,0,2.1076888046179385,1,0,0,0,1,0,0,1,0,0,0
1,3,28.0,0,2,22.3583,3,0,3.1509523813392697,0,0,0,0,0,1,0,0,1,0,0
0,3,30.0,0,0,8.6625,1,1,2.2682524139135403,0,0,1,1,0,0,0,0,1,0,0
1,2,7.0,0,2,26.25,3,0,3.305053521109253,0,0,1,1,0,0,0,0,0,0,0
0,1,45.0,0,0,26.55,1,1,3.3160025355989236,1,0,1,0,0,0,1,0,0,1,0
1,1,30.0,0,0,106.425,1,1,4.676792929661059,0,0,0,1,0,0,0,0,1,0,0
0,3,28.0,0,0,14.5,1,1,2.740840023925201,1,0,1,0,1,0,0,0,1,0,0
1,1,22.0,0,2,49.5,3,0,3.9219733362813143,0,0,0,1,0,0,0,0,1,0,0
1,1,36.0,0,2,71.0,3,0,4.276666119016055,0,0,1,1,0,0,0,0,0,1,0
0,3,9.0,4,2,31.275,7,0,3.4742929367327062,0,0,1,1,0,0,0,0,0,0,0
0,3,11.0,4,2,31.275,7,0,3.4742929367327062,0,0,1,1,0,0,0,0,0,0,0
1,2,32.0,1,0,26.0,2,0,3.295836866004329,1,0,1,0,1,0,0,0,1,0,0
0,1,50.0,1,0,106.425,2,0,4.676792929661059,1,0,0,0,1,0,0,0,0,1,0
0,1,64.0,0,0,26.0,1,1,3.295836866004329,1,0,1,0,1,0,0,0,0,0,1
1,2,19.0,1,0,26.0,2,0,3.295836866004329,0,0,1,0,0,1,0,0,1,0,0
1,2,28.0,0,0,13.8625,1,1,2.6988412620169004,1,0,0,0,1,0,0,0,1,0,0
0,3,33.0,1,1,20.525,3,0,3.0692150503137943,1,0,1,0,1,0,0,0,1,0,0
1,2,8.0,1,1,36.75,3,0,3.6309854756950335,1,0,1,0,0,0,0,0,0,0,0
1,1,17.0,0,2,110.8833,3,0,4.717456363787216,1,0,0,0,1,0,0,1,0,0,0
0,2,27.0,0,0,26.0,1,1,3.295836866004329,1,0,1,0,1,0,0,0,1,0,0
0,3,28.0,0,0,7.8292,1,1,2.17806441028492,1,1,0,0,1,0,0,0,1,0,0
1,3,22.0,0,0,7.225,1,1,2.1071782966514356,1,0,0,0,1,0,0,0,1,0,0
1,3,22.0,0,0,7.775,1,1,2.1719067693519296,0,0,1,1,0,0,0,0,1,0,0
0,1,62.0,0,0,26.55,1,1,3.3160025355989236,1,0,1,0,1,0,0,0,0,0,1
1,1,48.0,1,0,39.6,2,0,3.703768066607687,0,0,0,0,0,0,1,0,0,1,0
0,1,28.0,0,0,227.525,1,1,5.4316456135398825,1,0,0,0,1,0,0,0,1,0,0
1,1,39.0,1,1,79.65,3,0,4.390118804571218,0,0,1,0,0,1,0,0,0,1,0
1,3,36.0,1,0,17.4,2,0,2.91235066461494,0,0,1,0,0,1,0,0,0,1,0
0,3,28.0,0,0,7.75,1,1,2.169053700369523,1,1,0,0,1,0,0,0,1,0,0
0,3,40.0,0,0,7.8958,1,1,2.1855792552411137,1,0,1,0,1,0,0,0,0,1,0
0,2,28.0,0,0,13.5,1,1,2.6741486494265287,1,0,1,0,1,0,0,0,1,0,0
0,3,28.0,0,0,8.05,1,1,2.2027647577118348,1,0,1,0,1,0,0,0,1,0,0
0,3,28.0,0,0,8.05,1,1,2.2027647577118348,0,0,1,1,0,0,0,0,1,0,0
0,3,24.0,2,0,24.15,3,0,3.224857896545748,1,0,1,0,1,0,0,0,1,0,0
0,3,19.0,0,0,7.8958,1,1,2.1855792552411137,1,0,1,0,1,0,0,0,1,0,0
0,3,29.0,0,4,21.075,5,0,3.0944457464900235,0,0,1,0,0,1,0,0,1,0,0
0,3,28.0,0,0,7.2292,1,1,2.1076888046179385,1,0,0,0,1,0,0,0,1,0,0
1,3,32.0,0,0,7.8542,1,1,2.180891922715322,1,0,1,0,1,0,0,0,1,0,0
1,2,62.0,0,0,10.5,1,1,2.4423470353692043,1,0,1,0,1,0,0,0,0,0,1
1,1,53.0,2,0,51.4792,3,0,3.960416900617205,0,0,1,0,0,1,0,0,0,1,0
1,1,36.0,0,0,26.3875,1,1,3.3100867049215847,1,0,1,0,1,0,0,0,0,1,0
1,3,28.0,0,0,7.75,1,1,2.169053700369523,0,1,0,1,0,0,0,0,1,0,0
0,3,16.0,0,0,8.05,1,1,2.2027647577118348,1,0,1,0,1,0,0,1,0,0,0
0,3,19.0,0,0,14.5,1,1,2.740840023925201,1,0,1,0,1,0,0,0,1,0,0
1,2,34.0,0,0,13.0,1,1,2.6390573296152584,0,0,1,1,0,0,0,0,1,0,0
1,1,39.0,1,0,55.9,2,0,4.041295341132285,0,0,1,0,0,1,0,0,0,1,0
0,3,28.0,1,0,14.4583,2,0,2.738146075922933,0,0,0,0,0,1,0,0,1,0,0
1,3,32.0,0,0,7.925,1,1,2.188856327665703,1,0,1,0,1,0,0,0,1,0,0
1,2,25.0,1,1,30.0,3,0,3.4339872044851463,0,0,1,1,0,0,0,0,1,0,0
1,1,39.0,1,1,110.8833,3,0,4.717456363787216,0,0,0,0,0,1,0,0,0,1,0
0,2,54.0,0,0,26.0,1,1,3.295836866004329,1,0,1,0,1,0,0,0,0,1,0
0,1,36.0,0,0,40.125,1,1,3.716616209085536,1,0,0,0,1,0,0,0,0,1,0
0,3,28.0,0,0,8.7125,1,1,2.2734137156937657,1,0,0,0,1,0,0,0,1,0,0
1,1,18.0,0,2,79.65,3,0,4.390118804571218,0,0,1,1,0,0,0,1,0,0,0
0,2,47.0,0,0,15.0,1,1,2.772588722239781,1,0,1,0,1,0,0,0,0,1,0
1,1,60.0,1,1,79.2,3,0,4.384523514872469,1,0,0,0,1,0,0,0,0,1,0
0,3,22.0,0,0,8.05,1,1,2.2027647577118348,1,0,1,0,1,0,0,0,1,0,0
0,3,28.0,0,0,8.05,1,1,2.2027647577118348,1,0,1,0,1,0,0,0,1,0,0
0,3,35.0,0,0,7.125,1,1,2.094945728215801,1,0,1,0,1,0,0,0,1,0,0
1,1,52.0,1,0,78.2667,2,0,4.37281811610993,0,0,0,0,0,1,0,0,0,1,0
0,3,47.0,0,0,7.25,1,1,2.1102132003465894,1,0,1,0,1,0,0,0,0,1,0
0,3,28.0,0,2,7.75,3,0,2.169053700369523,0,1,0,1,0,0,0,0,1,0,0
0,2,37.0,1,0,26.0,2,0,3.295836866004329,1,0,1,0,1,0,0,0,0,1,0
0,3,36.0,1,1,24.15,3,0,3.224857896545748,1,0,1,0,1,0,0,0,0,1,0
1,2,28.0,0,0,33.0,1,1,3.5263605246161616,0,0,1,1,0,0,0,0,1,0,0
0,3,49.0,0,0,0.0,1,1,0.0,1,0,1,0,1,0,0,0,0,1,0
0,3,28.0,0,0,7.225,1,1,2.1071782966514356,1,0,0,0,1,0,0,0,1,0,0
1,1,49.0,1,0,56.9292,2,0,4.0592215752427645,1,0,0,0,0,0,1,0,0,1,0
1,2,24.0,2,1,27.0,4,0,3.332204510175204,0,0,1,0,0,1,0,0,1,0,0
0,3,28.0,0,0,7.8958,1,1,2.1855792552411137,1,0,1,0,1,0,0,0,1,0,0
0,1,28.0,0,0,42.4,1,1,3.770459441106359,1,0,1,0,1,0,0,0,1,0,0
0,3,44.0,0,0,8.05,1,1,2.2027647577118348,1,0,1,0,1,0,0,0,0,1,0
1,1,35.0,0,0,26.55,1,1,3.3160025355989236,1,0,0,0,1,0,0,0,1,0,0
0,3,36.0,1,0,15.55,2,0,2.806386101823072,1,0,1,0,1,0,0,0,0,1,0
0,3,30.0,0,0,7.8958,1,1,2.1855792552411137,1,0,1,0,1,0,0,0,1,0,0
1,1,27.0,0,0,30.5,1,1,3.449987545831587,1,0,1,0,1,0,0,0,1,0,0
1,2,22.0,1,2,41.5792,4,0,3.7513658711253766,0,0,0,0,0,1,0,0,1,0,0
1,1,40.0,0,0,153.4625,1,1,5.039951348430309,0,0,1,1,0,0,0,0,0,1,0
0,3,39.0,1,5,31.275,7,0,3.4742929367327062,0,0,1,0,0,1,0,0,0,1,0
0,3,28.0,0,0,7.05,1,1,2.0856720914304723,1,0,1,0,1,0,0,0,1,0,0
1,3,28.0,1,0,15.5,2,0,2.803360380906535,0,1,0,1,0,0,0,0,1,0,0
0,3,28.0,0,0,7.75,1,1,2.169053700369523,1,1,0,0,1,0,0,0,1,0,0
0,3,35.0,0,0,8.05,1,1,2.2027647577118348,1,0,1,0,1,0,0,0,1,0,0
1,2,24.0,1,2,65.0,4,0,4.189654742026425,0,0,1,1,0,0,0,0,1,0,0
0,3,34.0,1,1,14.4,3,0,2.7343675094195836,1,0,1,0,1,0,0,0,1,0,0
0,3,26.0,1,0,16.1,2,0,2.8390784635086144,0,0,1,0,0,1,0,0,1,0,0
1,2,4.0,2,1,39.0,4,0,3.6888794541139363,0,0,1,1,0,0,0,0,0,0,0
0,2,26.0,0,0,10.5,1,1,2.4423470353692043,1,0,1,0,1,0,0,0,1,0,0
0,3,27.0,1,0,14.4542,2,0,2.737880811060884,1,0,0,0,1,0,0,0,1,0,0
1,1,42.0,1,0,52.5542,2,0,3.9806942251907276,1,0,1,0,1,0,0,0,0,1,0
1,3,20.0,1,1,15.7417,3,0,2.817902613071225,1,0,0,0,1,0,0,0,1,0,0
0,3,21.0,0,0,7.8542,1,1,2.180891922715322,1,0,1,0,1,0,0,0,1,0,0
0,3,21.0,0,0,16.1,1,1,2.8390784635086144,1,0,1,0,1,0,0,0,1,0,0
0,1,61.0,0,0,32.3208,1,1,3.5061818266142577,1,0,1,0,1,0,0,0,0,0,1
0,2,57.0,0,0,12.35,1,1,2.5915163848462583,1,1,0,0,0,0,1,0,0,1,0
1,1,21.0,0,0,77.9583,1,1,4.368919865004903,0,0,1,1,0,0,0,0,1,0,0
0,3,26.0,0,0,7.8958,1,1,2.1855792552411137,1,0,1,0,1,0,0,0,1,0,0
0,3,28.0,0,0,7.7333,1,1,2.167143305297764,1,1,0,0,1,0,0,0,1,0,0
1,1,80.0,0,0,30.0,1,1,3.4339872044851463,1,0,1,0,1,0,0,0,0,0,1
0,3,51.0,0,0,7.0542,1,1,2.086193694502369,1,0,1,0,1,0,0,0,0,1,0
1,1,32.0,0,0,30.5,1,1,3.449987545831587,1,0,0,0,0,0,1,0,1,0,0
0,1,28.0,0,0,0.0,1,1,0.0,1,0,1,0,1,0,0,0,1,0,0
0,3,9.0,3,2,27.9,6,0,3.3638415951183864,0,0,1,1,0,0,0,0,0,0,0
1,2,28.0,0,0,13.0,1,1,2.6390573296152584,0,0,1,1,0,0,0,0,1,0,0
0,3,32.0,0,0,7.925,1,1,2.188856327665703,1,0,1,0,1,0,0,0,1,0,0
0,2,31.0,1,1,26.25,3,0,3.305053521109253,1,0,1,0,1,0,0,0,1,0,0
0,3,41.0,0,5,39.6875,6,0,3.705920919968788,0,0,1,0,0,1,0,0,0,1,0
0,3,28.0,1,0,16.1,2,0,2.8390784635086144,1,0,1,0,1,0,0,0,1,0,0
0,3,20.0,0,0,7.8542,1,1,2.180891922715322,1,0,1,0,1,0,0,0,1,0,0
1,1,24.0,0,0,69.3,1,1,4.252771798816619,0,0,0,1,0,0,0,0,1,0,0
0,3,2.0,3,2,27.9,6,0,3.3638415951183864,0,0,1,1,0,0,0,0,0,0,0
1,3,28.0,0,0,56.4958,1,1,4.05171190165724,1,0,1,0,1,0,0,0,1,0,0
1,3,0.75,2,1,19.2583,4,0,3.0085645861193133,0,0,0,1,0,0,0,0,0,0,0
1,1,48.0,1,0,76.7292,2,0,4.353230991152628,1,0,0,0,1,0,0,0,0,1,0
0,3,19.0,0,0,7.8958,1,1,2.1855792552411137,1,0,1,0,1,0,0,0,1,0,0
1,1,56.0,0,0,35.5,1,1,3.597312260588446,1,0,0,0,0,0,1,0,0,1,0
0,3,28.0,0,0,7.55,1,1,2.145931282948669,1,0,1,0,1,0,0,0,1,0,0
1,3,23.0,0,0,7.55,1,1,2.145931282948669,0,0,1,1,0,0,0,0,1,0,0
0,3,28.0,0,0,7.8958,1,1,2.1855792552411137,1,0,1,0,1,0,0,0,1,0,0
1,2,18.0,0,1,23.0,2,0,3.1780538303479458,0,0,1,1,0,0,0,1,0,0,0
0,3,21.0,0,0,8.4333,1,1,2.2442459824059346,1,0,1,0,1,0,0,0,1,0,0
1,3,28.0,0,0,7.8292,1,1,2.17806441028492,0,1,0,1,0,0,0,0,1,0,0
0,3,18.0,0,0,6.75,1,1,2.0476928433652555,0,1,0,1,0,0,0,1,0,0,0
0,2,24.0,2,0,73.5,3,0,4.310799125385514,1,0,1,0,1,0,0,0,1,0,0
0,3,28.0,0,0,7.8958,1,1,2.1855792552411137,1,0,1,0,1,0,0,0,1,0,0
0,3,32.0,1,1,15.5,3,0,2.803360380906535,0,1,0,0,0,1,0,0,1,0,0
0,2,23.0,0,0,13.0,1,1,2.6390573296152584,1,0,1,0,1,0,0,0,1,0,0
0,1,58.0,0,2,113.275,3,0,4.738607824217808,1,0,0,0,1,0,0,0,0,1,0
1,1,50.0,2,0,133.65,3,0,4.902678819257608,1,0,1,0,0,0,1,0,0,1,0
0,3,40.0,0,0,7.225,1,1,2.1071782966514356,1,0,0,0,1,0,0,0,0,1,0
0,1,47.0,0,0,25.5875,1,1,3.2804411805263554,1,0,1,0,1,0,0,0,0,1,0
0,3,36.0,0,0,7.4958,1,1,2.139571923732859,1,0,1,0,1,0,0,0,0,1,0
1,3,20.0,1,0,7.925,2,0,2.188856327665703,1,0,1,0,1,0,0,0,1,0,0
0,2,32.0,2,0,73.5,3,0,4.310799125385514,1,0,1,0,1,0,0,0,1,0,0
0,2,25.0,0,0,13.0,1,1,2.6390573296152584,1,0,1,0,1,0,0,0,1,0,0
0,3,28.0,0,0,7.775,1,1,2.1719067693519296,1,0,1,0,1,0,0,0,1,0,0
0,3,43.0,0,0,8.05,1,1,2.2027647577118348,1,0,1,0,1,0,0,0,0,1,0
1,1,28.0,1,0,52.0,2,0,3.970291913552122,0,0,1,0,0,1,0,0,1,0,0
1,2,40.0,1,1,39.0,3,0,3.6888794541139363,0,0,1,0,0,1,0,0,0,1,0
0,1,31.0,1,0,52.0,2,0,3.970291913552122,1,0,1,0,1,0,0,0,1,0,0
0,2,70.0,0,0,10.5,1,1,2.4423470353692043,1,0,1,0,1,0,0,0,0,0,1
1,2,31.0,0,0,13.0,1,1,2.6390573296152584,1,0,1,0,1,0,0,0,1,0,0
0,2,28.0,0,0,0.0,1,1,0.0,1,0,1,0,1,0,0,0,1,0,0
0,3,18.0,0,0,7.775,1,1,2.1719067693519296,1,0,1,0,1,0,0,1,0,0,0
0,3,24.5,0,0,8.05,1,1,2.2027647577118348,1,0,1,0,1,0,0,0,1,0,0
1,3,18.0,0,0,9.8417,1,1,2.3833998102837652,0,0,1,1,0,0,0,1,0,0,0
0,3,43.0,1,6,46.9,8,0,3.8691155044168695,0,0,1,0,0,1,0,0,0,1,0
1,1,36.0,0,1,512.3292,2,0,6.240917354759096,1,0,0,0,1,0,0,0,0,1,0
0,3,28.0,0,0,8.1375,1,1,2.212386825075897,0,1,0,1,0,0,0,0,1,0,0
1,1,27.0,0,0,76.7292,1,1,4.353230991152628,1,0,0,0,1,0,0,0,1,0,0
0,3,20.0,0,0,9.225,1,1,2.3248357019288655,1,0,1,0,1,0,0,0,1,0,0
0,3,14.0,5,2,46.9,8,0,3.8691155044168695,1,0,1,0,1,0,0,1,0,0,0
0,2,60.0,1,1,39.0,3,0,3.6888794541139363,1,0,1,0,1,0,0,0,0,1,0
0,2,25.0,1,2,41.5792,4,0,3.7513658711253766,1,0,0,0,1,0,0,0,1,0,0
0,3,14.0,4,1,39.6875,6,0,3.705920919968788,1,0,1,0,1,0,0,1,0,0,0
0,3,19.0,0,0,10.1708,1,1,2.4133032309283076,1,0,1,0,1,0,0,0,1,0,0
0,3,18.0,0,0,7.7958,1,1,2.174274334826008,1,0,1,0,1,0,0,1,0,0,0
1,1,15.0,0,1,211.3375,2,0,5.35817698994543,0,0,1,1,0,0,0,1,0,0,0
1,1,31.0,1,0,57.0,2,0,4.060443010546419,1,0,1,0,1,0,0,0,1,0,0
1,3,4.0,0,1,13.4167,2,0,2.668387256845834,0,0,0,1,0,0,0,0,0,0,0
1,3,28.0,0,0,56.4958,1,1,4.05171190165724,1,0,1,0,1,0,0,0,1,0,0
0,3,25.0,0,0,7.225,1,1,2.1071782966514356,1,0,0,0,1,0,0,0,1,0,0
0,1,60.0,0,0,26.55,1,1,3.3160025355989236,1,0,1,0,0,0,1,0,0,1,0
0,2,52.0,0,0,13.5,1,1,2.6741486494265287,1,0,1,0,1,0,0,0,0,1,0
0,3,44.0,0,0,8.05,1,1,2.2027647577118348,1,0,1,0,1,0,0,0,0,1,0
1,3,28.0,0,0,7.7333,1,1,2.167143305297764,0,1,0,1,0,0,0,0,1,0,0
0,1,49.0,1,1,110.8833,3,0,4.717456363787216,1,0,0,0,1,0,0,0,0,1,0
0,3,42.0,0,0,7.65,1,1,2.157559320943788,1,0,1,0,1,0,0,0,0,1,0
1,1,18.0,1,0,227.525,2,0,5.4316456135398825,0,0,0,0,0,1,0,1,0,0,0
1,1,35.0,0,0,26.2875,1,1,3.3064287218760624,1,0,1,0,1,0,0,0,1,0,0
0,3,18.0,0,1,14.4542,2,0,2.737880811060884,0,0,0,1,0,0,0,1,0,0,0
0,3,25.0,0,0,7.7417,1,1,2.1681046787623672,1,1,0,0,1,0,0,0,1,0,0
0,3,26.0,1,0,7.8542,2,0,2.180891922715322,1,0,1,0,1,0,0,0,1,0,0
0,2,39.0,0,0,26.0,1,1,3.295836866004329,1,0,1,0,1,0,0,0,0,1,0
1,2,45.0,0,0,13.5,1,1,2.6741486494265287,0,0,1,0,0,1,0,0,0,1,0
1,1,42.0,0,0,26.2875,1,1,3.3064287218760624,1,0,1,0,1,0,0,0,0,1,0
1,1,22.0,0,0,151.55,1,1,5.027492411162679,0,0,1,1,0,0,0,0,1,0,0
1,3,28.0,1,1,15.2458,3,0,2.7878344138303452,1,0,0,0,0,0,0,0,1,0,0
1,1,24.0,0,0,49.5042,1,1,3.922056501139853,0,0,0,1,0,0,0,0,1,0,0
0,1,28.0,0,0,26.55,1,1,3.3160025355989236,1,0,1,0,1,0,0,0,1,0,0
1,1,48.0,1,0,52.0,2,0,3.970291913552122,1,0,1,0,1,0,0,0,0,1,0
0,3,29.0,0,0,9.4833,1,1,2.3497835148230464,1,0,1,0,1,0,0,0,1,0,0
0,2,52.0,0,0,13.0,1,1,2.6390573296152584,1,0,1,0,1,0,0,0,0,1,0
0,3,19.0,0,0,7.65,1,1,2.157559320943788,1,0,1,0,1,0,0,0,1,0,0
1,1,38.0,0,0,227.525,1,1,5.4316456135398825,0,0,0,1,0,0,0,0,0,1,0
1,2,27.0,0,0,10.5,1,1,2.4423470353692043,0,0,1,1,0,0,0,0,1,0,0
0,3,28.0,0,0,15.5,1,1,2.803360380906535,1,1,0,0,1,0,0,0,1,0,0
0,3,33.0,0,0,7.775,1,1,2.1719067693519296,1,0,1,0,1,0,0,0,1,0,0
1,2,6.0,0,1,33.0,2,0,3.5263605246161616,0,0,1,1,0,0,0,0,0,0,0
0,3,17.0,1,0,7.0542,2,0,2.086193694502369,1,0,1,0,1,0,0,1,0,0,0
0,2,34.0,0,0,13.0,1,1,2.6390573296152584,1,0,1,0,1,0,0,0,1,0,0
0,2,50.0,0,0,13.0,1,1,2.6390573296152584,1,0,1,0,1,0,0,0,0,1,0
1,1,27.0,1,0,53.1,2,0,3.9908341858524357,1,0,1,0,1,0,0,0,1,0,0
0,3,20.0,0,0,8.6625,1,1,2.2682524139135403,1,0,1,0,1,0,0,0,1,0,0
1,2,30.0,3,0,21.0,4,0,3.091042453358316,0,0,1,0,0,1,0,0,1,0,0
1,3,28.0,0,0,7.7375,1,1,2.1676241075599285,0,1,0,1,0,0,0,0,1,0,0
0,2,25.0,1,0,26.0,2,0,3.295836866004329,1,0,1,0,1,0,0,0,1,0,0
0,3,25.0,1,0,7.925,2,0,2.188856327665703,0,0,1,1,0,0,0,0,1,0,0
1,1,29.0,0,0,211.3375,1,1,5.35817698994543,0,0,1,1,0,0,0,0,1,0,0
0,3,11.0,0,0,18.7875,1,1,2.9850504252071306,1,0,0,0,1,0,0,0,0,0,0
0,2,28.0,0,0,0.0,1,1,0.0,1,0,1,0,1,0,0,0,1,0,0
0,2,23.0,0,0,13.0,1,1,2.6390573296152584,1,0,1,0,1,0,0,0,1,0,0
0,2,23.0,0,0,13.0,1,1,2.6390573296152584,1,0,1,0,1,0,0,0,1,0,0
0,3,28.5,0,0,16.1,1,1,2.8390784635086144,1,0,1,0,1,0,0,0,1,0,0
0,3,48.0,1,3,34.375,5,0,3.5660053559634015,0,0,1,0,0,1,0,0,0,1,0
1,1,35.0,0,0,512.3292,1,1,6.240917354759096,1,0,0,0,1,0,0,0,1,0,0
0,3,28.0,0,0,7.8958,1,1,2.1855792552411137,1,0,1,0,1,0,0,0,1,0,0
0,3,28.0,0,0,7.8958,1,1,2.1855792552411137,1,0,1,0,1,0,0,0,1,0,0
1,1,28.0,0,0,30.0,1,1,3.4339872044851463,1,0,1,0,1,0,0,0,1,0,0
0,1,36.0,1,0,78.85,2,0,4.380149874661021,1,0,1,0,1,0,0,0,0,1,0
1,1,21.0,2,2,262.375,5,0,5.5735788721243535,0,0,0,1,0,0,0,0,1,0,0
0,3,24.0,1,0,16.1,2,0,2.8390784635086144,1,0,1,0,1,0,0,0,1,0,0
1,3,31.0,0,0,7.925,1,1,2.188856327665703,1,0,1,0,1,0,0,0,1,0,0
0,1,70.0,1,1,71.0,3,0,4.276666119016055,1,0,1,0,0,0,1,0,0,0,1
0,3,16.0,1,1,20.25,3,0,3.056356895370426,1,0,1,0,1,0,0,1,0,0,0
1,2,30.0,0,0,13.0,1,1,2.6390573296152584,0,0,1,1,0,0,0,0,1,0,0
0,1,19.0,1,0,53.1,2,0,3.9908341858524357,1,0,1,0,1,0,0,0,1,0,0
0,3,31.0,0,0,7.75,1,1,2.169053700369523,1,1,0,0,1,0,0,0,1,0,0
1,2,4.0,1,1,23.0,3,0,3.1780538303479458,0,0,1,1,0,0,0,0,0,0,0
1,3,6.0,0,1,12.475,2,0,2.600836116795061,1,0,1,0,0,0,0,0,0,0,0
0,3,33.0,0,0,9.5,1,1,2.3513752571634776,1,0,1,0,1,0,0,0,1,0,0
0,3,23.0,0,0,7.8958,1,1,2.1855792552411137,1,0,1,0,1,0,0,0,1,0,0
1,2,48.0,1,2,65.0,4,0,4.189654742026425,0,0,1,0,0,1,0,0,0,1,0
1,2,0.67,1,1,14.5,3,0,2.740840023925201,1,0,1,0,0,0,0,0,0,0,0
0,3,28.0,0,0,7.7958,1,1,2.174274334826008,1,0,1,0,1,0,0,0,1,0,0
0,2,18.0,0,0,11.5,1,1,2.5257286443082556,1,0,1,0,1,0,0,1,0,0,0
0,3,34.0,0,0,8.05,1,1,2.2027647577118348,1,0,1,0,1,0,0,0,1,0,0
1,1,33.0,0,0,86.5,1,1,4.471638793363569,0,0,1,0,0,0,1,0,1,0,0
0,3,28.0,0,0,14.5,1,1,2.740840023925201,1,0,1,0,1,0,0,0,1,0,0
0,3,41.0,0,0,7.125,1,1,2.094945728215801,1,0,1,0,1,0,0,0,0,1,0
1,3,20.0,0,0,7.2292,1,1,2.1076888046179385,1,0,0,0,1,0,0,0,1,0,0
1,1,36.0,1,2,120.0,4,0,4.795790545596741,0,0,1,0,0,1,0,0,0,1,0
0,3,16.0,0,0,7.775,1,1,2.1719067693519296,1,0,1,0,1,0,0,1,0,0,0
1,1,51.0,1,0,77.9583,2,0,4.368919865004903,0,0,1,0,0,1,0,0,0,1,0
0,1,28.0,0,0,39.6,1,1,3.703768066607687,1,0,0,0,0,0,1,0,1,0,0
0,3,30.5,0,0,7.75,1,1,2.169053700369523,0,1,0,1,0,0,0,0,1,0,0
0,3,28.0,1,0,24.15,2,0,3.224857896545748,1,1,0,0,1,0,0,0,1,0,0
0,3,32.0,0,0,8.3625,1,1,2.236712348843338,1,0,1,0,1,0,0,0,1,0,0
0,3,24.0,0,0,9.5,1,1,2.3513752571634776,1,0,1,0,1,0,0,0,1,0,0
0,3,48.0,0,0,7.8542,1,1,2.180891922715322,1,0,1,0,1,0,0,0,0,1,0
0,2,57.0,0,0,10.5,1,1,2.4423470353692043,0,0,1,0,0,1,0,0,0,1,0
0,3,28.0,0,0,7.225,1,1,2.1071782966514356,1,0,0,0,1,0,0,0,1,0,0
1,2,54.0,1,3,23.0,5,0,3.1780538303479458,0,0,1,0,0,1,0,0,0,1,0
0,3,18.0,0,0,7.75,1,1,2.169053700369523,1,0,1,0,1,0,0,1,0,0,0
0,3,28.0,0,0,7.75,1,1,2.169053700369523,1,1,0,0,1,0,0,0,1,0,0
1,3,5.0,0,0,12.475,1,1,2.600836116795061,0,0,1,1,0,0,0,0,0,0,0
0,3,28.0,0,0,7.7375,1,1,2.1676241075599285,1,1,0,0,1,0,0,0,1,0,0
1,1,43.0,0,1,211.3375,2,0,5.35817698994543,0,0,1,0,0,1,0,0,0,1,0
1,3,13.0,0,0,7.2292,1,1,2.1076888046179385,0,0,0,1,0,0,0,1,0,0,0
1,1,17.0,1,0,57.0,2,0,4.060443010546419,0,0,1,0,0,1,0,1,0,0,0
0,1,29.0,0,0,30.0,1,1,3.4339872044851463,1,0,1,0,1,0,0,0,1,0,0
0,3,28.0,1,2,23.45,4,0,3.196630215920881,1,0,1,0,1,0,0,0,1,0,0
0,3,25.0,0,0,7.05,1,1,2.0856720914304723,1,0,1,0,1,0,0,0,1,0,0
0,3,25.0,0,0,7.25,1,1,2.1102132003465894,1,0,1,0,1,0,0,0,1,0,0
1,3,18.0,0,0,7.4958,1,1,2.139571923732859,0,0,1,1,0,0,0,1,0,0,0
0,3,8.0,4,1,29.125,6,0,3.405355391810819,1,1,0,0,0,0,0,0,0,0,0
1,3,1.0,1,2,20.575,4,0,3.0715352369694915,1,0,1,0,0,0,0,0,0,0,0
0,1,46.0,0,0,79.2,1,1,4.384523514872469,1,0,0,0,1,0,0,0,0,1,0
0,3,28.0,0,0,7.75,1,1,2.169053700369523,1,1,0,0,1,0,0,0,1,0,0
0,2,16.0,0,0,26.0,1,1,3.295836866004329,1,0,1,0,1,0,0,1,0,0,0
0,3,28.0,8,2,69.55,11,0,4.256321678298823,0,0,1,1,0,0,0,0,1,0,0
0,1,28.0,0,0,30.6958,1,1,3.4561841799918147,1,0,0,0,1,0,0,0,1,0,0
0,3,25.0,0,0,7.8958,1,1,2.1855792552411137,1,0,1,0,1,0,0,0,1,0,0
0,2,39.0,0,0,13.0,1,1,2.6390573296152584,1,0,1,0,1,0,0,0,0,1,0
1,1,49.0,0,0,25.9292,1,1,3.2932111997353943,0,0,1,0,0,0,1,0,0,1,0
1,3,31.0,0,0,8.6833,1,1,2.270402752283094,0,0,1,0,0,1,0,0,1,0,0
0,3,30.0,0,0,7.2292,1,1,2.1076888046179385,1,0,0,0,1,0,0,0,1,0,0
0,3,30.0,1,1,24.15,3,0,3.224857896545748,0,0,1,0,0,1,0,0,1,0,0
0,2,34.0,0,0,13.0,1,1,2.6390573296152584,1,0,1,0,1,0,0,0,1,0,0
1,2,31.0,1,1,26.25,3,0,3.305053521109253,0,0,1,0,0,1,0,0,1,0,0
1,1,11.0,1,2,120.0,4,0,4.795790545596741,1,0,1,0,0,0,0,0,0,0,0
1,3,0.42,0,1,8.5167,2,0,2.2530481500547457,1,0,0,0,0,0,0,0,0,0,0
1,3,27.0,0,0,6.975,1,1,2.076311648670908,1,0,1,0,1,0,0,0,1,0,0
0,3,31.0,0,0,7.775,1,1,2.1719067693519296,1,0,1,0,1,0,0,0,1,0,0
0,1,39.0,0,0,0.0,1,1,0.0,1,0,1,0,1,0,0,0,0,1,0
0,3,18.0,0,0,7.775,1,1,2.1719067693519296,0,0,1,1,0,0,0,1,0,0,0
0,2,39.0,0,0,13.0,1,1,2.6390573296152584,1,0,1,0,1,0,0,0,0,1,0
1,1,33.0,1,0,53.1,2,0,3.9908341858524357,0,0,1,0,0,1,0,0,1,0,0
0,3,26.0,0,0,7.8875,1,1,2.184645795129359,1,0,1,0,1,0,0,0,1,0,0
0,3,39.0,0,0,24.15,1,1,3.224857896545748,1,0,1,0,1,0,0,0,0,1,0
0,2,35.0,0,0,10.5,1,1,2.4423470353692043,1,0,1,0,1,0,0,0,1,0,0
0,3,6.0,4,2,31.275,7,0,3.4742929367327062,0,0,1,1,0,0,0,0,0,0,0
0,3,30.5,0,0,8.05,1,1,2.2027647577118348,1,0,1,0,1,0,0,0,1,0,0
0,1,28.0,0,0,0.0,1,1,0.0,1,0,1,0,1,0,0,0,1,0,0
0,3,23.0,0,0,7.925,1,1,2.188856327665703,0,0,1,1,0,0,0,0,1,0,0
0,2,31.0,1,1,37.0042,3,0,3.637696679934592,1,0,0,0,1,0,0,0,1,0,0
0,3,43.0,0,0,6.45,1,1,2.0082140323914683,1,0,1,0,1,0,0,0,0,1,0
0,3,10.0,3,2,27.9,6,0,3.3638415951183864,1,0,1,0,0,0,0,0,0,0,0
1,1,52.0,1,1,93.5,3,0,4.548599834499697,0,0,1,0,0,1,0,0,0,1,0
1,3,27.0,0,0,8.6625,1,1,2.2682524139135403,1,0,1,0,1,0,0,0,1,0,0
0,1,38.0,0,0,0.0,1,1,0.0,1,0,1,0,0,0,1,0,0,1,0
1,3,27.0,0,1,12.475,2,0,2.600836116795061,0,0,1,0,0,1,0,0,1,0,0
0,3,2.0,4,1,39.6875,6,0,3.705920919968788,1,0,1,0,0,0,0,0,0,0,0
0,3,28.0,0,0,6.95,1,1,2.0731719286662407,1,1,0,0,1,0,0,0,1,0,0
0,3,28.0,0,0,56.4958,1,1,4.05171190165724,1,0,1,0,1,0,0,0,1,0,0
1,2,1.0,0,2,37.0042,3,0,3.637696679934592,1,0,0,0,0,0,0,0,0,0,0
1,3,28.0,0,0,7.75,1,1,2.169053700369523,1,1,0,0,1,0,0,0,1,0,0
1,1,62.0,0,0,80.0,1,1,4.394449154672439,0,0,1,0,0,1,0,0,0,0,1
1,3,15.0,1,0,14.4542,2,0,2.737880811060884,0,0,0,0,0,1,0,1,0,0,0
1,2,0.83,1,1,18.75,3,0,2.9831534913471307,1,0,1,0,0,0,0,0,0,0,0
0,3,28.0,0,0,7.2292,1,1,2.1076888046179385,1,0,0,0,1,0,0,0,1,0,0
0,3,23.0,0,0,7.8542,1,1,2.180891922715322,1,0,1,0,1,0,0,0,1,0,0
0,3,18.0,0,0,8.3,1,1,2.2300144001592104,1,0,1,0,1,0,0,1,0,0,0
1,1,39.0,1,1,83.1583,3,0,4.432699549165613,0,0,0,1,0,0,0,0,0,1,0
0,3,21.0,0,0,8.6625,1,1,2.2682524139135403,1,0,1,0,1,0,0,0,1,0,0
0,3,28.0,0,0,8.05,1,1,2.2027647577118348,1,0,1,0,1,0,0,0,1,0,0
1,3,32.0,0,0,56.4958,1,1,4.05171190165724,1,0,1,0,1,0,0,0,1,0,0
1,1,28.0,0,0,29.7,1,1,3.4242626545931514,1,0,0,0,1,0,0,0,1,0,0
0,3,20.0,0,0,7.925,1,1,2.188856327665703,1,0,1,0,1,0,0,0,1,0,0
0,2,16.0,0,0,10.5,1,1,2.4423470353692043,1,0,1,0,1,0,0,1,0,0,0
1,1,30.0,0,0,31.0,1,1,3.4657359027997265,0,0,0,1,0,0,0,0,1,0,0
0,3,34.5,0,0,6.4375,1,1,2.006534770871748,1,0,0,0,1,0,0,0,1,0,0
0,3,17.0,0,0,8.6625,1,1,2.2682524139135403,1,0,1,0,1,0,0,1,0,0,0
0,3,42.0,0,0,7.55,1,1,2.145931282948669,1,0,1,0,1,0,0,0,0,1,0
0,3,28.0,8,2,69.55,11,0,4.256321678298823,1,0,1,0,1,0,0,0,1,0,0
0,3,35.0,0,0,7.8958,1,1,2.1855792552411137,1,0,0,0,1,0,0,0,1,0,0
0,2,28.0,0,1,33.0,2,0,3.5263605246161616,1,0,1,0,0,0,1,0,1,0,0
1,1,28.0,1,0,89.1042,2,0,4.500966778400217,0,0,0,0,0,1,0,0,1,0,0
0,3,4.0,4,2,31.275,7,0,3.4742929367327062,1,0,1,0,0,0,0,0,0,0,0
0,3,74.0,0,0,7.775,1,1,2.1719067693519296,1,0,1,0,1,0,0,0,0,0,1
0,3,9.0,1,1,15.2458,3,0,2.7878344138303452,0,0,0,1,0,0,0,0,0,0,0
1,1,16.0,0,1,39.4,2,0,3.6988297849671046,0,0,1,1,0,0,0,1,0,0,0
0,2,44.0,1,0,26.0,2,0,3.295836866004329,0,0,1,0,0,1,0,0,0,1,0
1,3,18.0,0,1,9.35,2,0,2.336986519711378,0,0,1,0,0,1,0,1,0,0,0
1,1,45.0,1,1,164.8667,3,0,5.11118445372147,0,0,1,0,0,1,0,0,0,1,0
1,1,51.0,0,0,26.55,1,1,3.3160025355989236,1,0,1,0,1,0,0,0,0,1,0
1,3,24.0,0,3,19.2583,4,0,3.0085645861193133,0,0,0,0,0,1,0,0,1,0,0
0,3,28.0,0,0,7.2292,1,1,2.1076888046179385,1,0,0,0,1,0,0,0,1,0,0
0,3,41.0,2,0,14.1083,3,0,2.7152442616824506,1,0,1,0,1,0,0,0,0,1,0
0,2,21.0,1,0,11.5,2,0,2.5257286443082556,1,0,1,0,1,0,0,0,1,0,0
1,1,48.0,0,0,25.9292,1,1,3.2932111997353943,0,0,1,0,0,1,0,0,0,1,0
0,3,28.0,8,2,69.55,11,0,4.256321678298823,0,0,1,1,0,0,0,0,1,0,0
0,2,24.0,0,0,13.0,1,1,2.6390573296152584,1,0,1,0,1,0,0,0,1,0,0
1,2,42.0,0,0,13.0,1,1,2.6390573296152584,0,0,1,0,0,1,0,0,0,1,0
1,2,27.0,1,0,13.8583,2,0,2.698558631668595,0,0,0,1,0,0,0,0,1,0,0
0,1,31.0,0,0,50.4958,1,1,3.941500250945973,1,0,1,0,1,0,0,0,1,0,0
0,3,28.0,0,0,9.5,1,1,2.3513752571634776,1,0,1,0,1,0,0,0,1,0,0
1,3,4.0,1,1,11.1333,3,0,2.495953738718064,1,0,1,0,0,0,0,0,0,0,0
0,3,26.0,0,0,7.8958,1,1,2.1855792552411137,1,0,1,0,1,0,0,0,1,0,0
1,1,47.0,1,1,52.5542,3,0,3.9806942251907276,0,0,1,0,0,1,0,0,0,1,0
0,1,33.0,0,0,5.0,1,1,1.791759469228055,1,0,1,0,1,0,0,0,1,0,0
0,3,47.0,0,0,9.0,1,1,2.302585092994046,1,0,1,0,1,0,0,0,0,1,0
1,2,28.0,1,0,24.0,2,0,3.2188758248682006,0,0,0,0,0,1,0,0,1,0,0
1,3,15.0,0,0,7.225,1,1,2.1071782966514356,0,0,0,1,0,0,0,1,0,0,0
0,3,20.0,0,0,9.8458,1,1,2.3837779082709782,1,0,1,0,1,0,0,0,1,0,0
0,3,19.0,0,0,7.8958,1,1,2.1855792552411137,1,0,1,0,1,0,0,0,1,0,0
0,3,28.0,0,0,7.8958,1,1,2.1855792552411137,1,0,1,0,1,0,0,0,1,0,0
1,1,56.0,0,1,83.1583,2,0,4.432699549165613,0,0,0,0,0,1,0,0,0,1,0
1,2,25.0,0,1,26.0,2,0,3.295836866004329,0,0,1,0,0,1,0,0,1,0,0
0,3,33.0,0,0,7.8958,1,1,2.1855792552411137,1,0,1,0,1,0,0,0,1,0,0
0,3,22.0,0,0,10.5167,1,1,2.4437981558973862,0,0,1,1,0,0,0,0,1,0,0
0,2,28.0,0,0,10.5,1,1,2.4423470353692043,1,0,1,0,1,0,0,0,1,0,0
0,3,25.0,0,0,7.05,1,1,2.0856720914304723,1,0,1,0,1,0,0,0,1,0,0
0,3,39.0,0,5,29.125,6,0,3.405355391810819,0,1,0,0,0,1,0,0,0,1,0
0,2,27.0,0,0,13.0,1,1,2.6390573296152584,1,0,1,0,0,0,1,0,1,0,0
1,1,19.0,0,0,30.0,1,1,3.4339872044851463,0,0,1,1,0,0,0,0,1,0,0
0,3,28.0,1,2,23.45,4,0,3.196630215920881,0,0,1,1,0,0,0,0,1,0,0
1,1,26.0,0,0,30.0,1,1,3.4339872044851463,1,0,0,0,1,0,0,0,1,0,0
0,3,32.0,0,0,7.75,1,1,2.169053700369523,1,1,0,0,1,0,0,0,1,0,0
